0.000000000000000000e+00,0.000000000000000000e+00,0.000000000000000000e+00,0.000000000000000000e+00,0.000000000000000000e+00,0.000000000000000000e+00,0.000000000000000000e+00,0.000000000000000000e+00,0.000000000000000000e+00,0.000000000000000000e+00,0.000000000000000000e+00,0.000000000000000000e+00,0.000000000000000000e+00,0.000000000000000000e+00,0.000000000000000000e+00,0.000000000000000000e+00,0.000000000000000000e+00,0.000000000000000000e+00,0.000000000000000000e+00
-2.054635505627250974e-04,-1.510074176429011682e-05,-3.226625747413140385e-05,-2.264486638550501804e-07,-1.410981539291935932e-05,-1.128017284540666051e-04,-4.415874913584028711e-04,-8.401561369053824817e-06,-1.655067212920784440e-04,-3.769306600448590037e-05,-1.074020425351281506e-03,-3.910989040235876937e-04,-6.100247917261030633e-03,-3.683941860941559315e-02,1.243486966672849824e-02,2.648926732198251047e-02,-3.683941860941559315e-02,1.243486966672849824e-02,2.648926732198251047e-02
-3.394587050858144969e-04,-2.837837228054298315e-05,-4.890932638243755822e-05,-3.232982158481317342e-07,-1.065572582889134944e-04,-2.172621814493951899e-04,-1.102032109012473279e-03,-2.182105060662659595e-05,-6.582125875663199859e-05,-7.283750005813176460e-05,-2.076653533651237702e-03,-5.050903530868203380e-04,-1.195979612818992045e-02,-3.587680991631805871e-02,1.008551311914102598e-02,2.307845856079191252e-02,-3.587674613707080712e-02,1.008551311914103292e-02,2.307845856079189170e-02
-4.707723745969823377e-04,-4.363633854301962730e-05,-5.272695505820818078e-05,-3.396006483513874541e-07,-2.631791668401502519e-04,-2.493736842086914933e-04,-2.354481074741959865e-03,-5.148497277047993495e-05,2.702486320460359499e-05,-9.701897563930315059e-05,-3.072776828772375967e-03,-5.979335851855258326e-04,-1.871962023623403859e-02,-3.456596693743562571e-02,7.804687458586220469e-03,1.882851370326067697e-02,-3.456590414388106824e-02,7.804687458586223939e-03,1.882849869680302407e-02
-5.954516097489711375e-04,-6.016739897794313996e-05,-4.571601928658544520e-05,-3.379471171448305666e-07,-4.660007224074627858e-04,-1.899218592092280576e-04,-4.222314870083771973e-03,-1.041861443959735801e-04,1.035809723215618282e-04,-1.047196102511242896e-04,-4.044223987899624520e-03,-6.441218914928023174e-04,-2.603342710413968086e-02,-3.326469654452216679e-02,5.723161580932487058e-03,1.410623962931371704e-02,-3.326452680696100755e-02,5.723161580932497466e-03,1.410622411161749704e-02
-7.139966939000979163e-04,-7.777340143484814733e-05,-3.006736996922103930e-05,-2.758726707981726909e-07,-7.027397911707655882e-04,-2.787772082292289350e-05,-6.736645214614020438e-03,-1.928878981547189311e-04,1.612549848487524070e-04,-9.269363229911846099e-05,-5.010447829884008206e-03,-6.227089991996468798e-04,-3.380956914038846933e-02,-3.195550416708888702e-02,3.855009141490987282e-03,8.950422452383205094e-03,-3.195519604255977336e-02,3.855004032760878194e-03,8.950407010703273838e-03
-8.275397970233841060e-04,-9.636892368875728666e-05,-7.455343880180019429e-06,-7.776233664057457541e-08,-9.652649976532619433e-04,2.489848899436305617e-04,-9.952842362384840824e-03,-3.408258356183720811e-04,1.981520327036910697e-04,-5.791337519345987058e-05,-5.999563237887141701e-03,-5.140224862072875853e-04,-4.206496431403962399e-02,-3.062808506416455842e-02,2.214566611684746101e-03,3.401687574034779806e-03,-3.062766814947580699e-02,2.214563888341308188e-03,3.401688605737746788e-03
-9.350841147410378319e-04,-1.155517980370155719e-04,2.054240076932235847e-05,3.153506241368978506e-07,-1.243741899100706677e-03,6.507523700958636704e-04,-1.388932184943313629e-02,-5.814959960862258869e-04,2.118701428239812550e-04,2.184680874964826318e-06,-7.025620792947557224e-03,-2.991324571375506545e-04,-5.073965152996451344e-02,-2.927918732791948489e-02,8.028378688977731064e-04,-2.498224980866669415e-03,-2.927876110955664538e-02,8.028322988856147853e-04,-2.498230034586842660e-03
-1.035515826407029704e-03,-1.349064891101190908e-04,5.164180919057616075e-05,9.174304207867784298e-07,-1.522263625210699663e-03,1.174684857159799143e-03,-1.846003722274389136e-02,-9.512884091041319762e-04,2.008116376222057525e-04,8.769750448391579385e-05,-8.077887702321154967e-03,3.210164953372685617e-05,-5.960111161910700006e-02,-2.790840842296842678e-02,-3.798632277326593142e-04,-8.730692218449959477e-03,-2.790798241189313550e-02,-3.798673203178813641e-04,-8.730695351562463291e-03
-1.130518067026011755e-03,-1.545270826016083396e-04,8.470792324187409223e-05,1.769433822420722777e-06,-1.796275468359317213e-03,1.834385613884912530e-03,-2.372161094177887425e-02,-1.501863304603030065e-03,1.637249839220933703e-04,2.009596880178068283e-04,-9.182822320938652597e-03,4.940467526605609849e-04,-6.875680749553134130e-02,-2.650074535327519298e-02,-1.330033130148693251e-03,-1.527083880024098297e-02,-2.650034242334716600e-02,-1.330037582961689181e-03,-1.527084182846680759e-02
-1.222841807678391084e-03,-1.748159901827752230e-04,1.194113398274629622e-04,2.901171176695482986e-06,-2.066425098633511721e-03,2.650309739736078380e-03,-2.978373514079206419e-02,-2.294417826574514548e-03,9.846685395094763587e-05,3.458324548893021346e-04,-1.037757859409840777e-02,1.105803493094369844e-03,-7.835254166865575354e-02,-2.504989409870751749e-02,-2.044572174304426504e-03,-2.208806557116007110e-02,-2.504949016811454029e-02,-2.044578322631618057e-03,-2.208806554933409258e-02
-1.309498319142904030e-03,-1.949872340918988958e-04,1.531516567409687071e-04,4.247746068771792532e-06,-2.316935215955428888e-03,3.604293218746205778e-03,-3.644759321115513540e-02,-3.348412295294850901e-03,6.255024639857628856e-06,5.186810143555296805e-04,-1.163139138375905539e-02,1.855882748640048929e-03,-8.809805685480542881e-02,-2.355288223743278592e-02,-2.525158191684013283e-03,-2.920489230660792274e-02,-2.355248204972405432e-02,-2.525158967057010428e-03,-2.920489312421252481e-02
-1.390964430529052255e-03,-2.149292118481128250e-04,1.848514347898603746e-04,5.793341897479414633e-06,-2.543580409899171609e-03,4.695663812435286674e-03,-4.367132600732842596e-02,-4.696500167961246627e-03,-1.123939930057066532e-04,7.190291578828814003e-04,-1.294798519179145811e-02,2.740511386962923672e-03,-9.796479759076963389e-02,-2.201400370048382793e-02,-2.780186896715869556e-03,-3.660021772961428305e-02,-2.201360566573147548e-02,-2.780187672088859762e-03,-3.660022429146270878e-02
-1.467825980075536428e-03,-2.347379639837837196e-04,2.140851218270836123e-04,7.455922986588554281e-06,-2.746091601212406232e-03,5.915515964681552184e-03,-5.137422126322523791e-02,-6.358873537726344484e-03,-2.557722488110120260e-04,9.450698641399560848e-04,-1.432495868093577873e-02,3.745115445648167056e-03,-1.078420894622513920e-01,-2.042723361807544449e-02,-2.814978479683603266e-03,-4.425070766504895364e-02,-2.042684447498366307e-02,-2.814979825456540800e-03,-4.425072234406659394e-02
-1.541306045452306732e-03,-2.544867021523922212e-04,2.403112980196642006e-04,9.221290620053059395e-06,-2.923737547745427177e-03,7.275575972143386028e-03,-5.960546629267288177e-02,-8.379389163114502048e-03,-4.244809066025144440e-04,1.198576495397350337e-03,-1.577789759614557294e-02,4.869400521217509548e-03,-1.178286425409427324e-01,-1.878439178058078154e-02,-2.652699049040658803e-03,-5.211674141593154036e-02,-1.878400704239233110e-02,-2.652705793984016982e-03,-5.211675387805705939e-02
-1.610756101033853239e-03,-2.739006775423632415e-04,2.630750754702053189e-04,1.102933825042381892e-05,-3.075053801696364143e-03,8.743460074466758922e-03,-6.814826371123645921e-02,-1.072935929241945405e-02,-6.131243773980630434e-04,1.473071172444913009e-03,-1.727402163183977546e-02,6.071674016959517986e-03,-1.276665448995236707e-01,-1.710754191539107238e-02,-2.293393890249569283e-03,-6.021453263899353980e-02,-1.710717122117617200e-02,-2.293399085511952772e-03,-6.021454024145810047e-02
-1.676527664336215735e-03,-2.929906596555341067e-04,2.812171736313106110e-04,1.272830290193150416e-05,-3.197631196677324424e-03,1.030771772209507740e-02,-7.693507720878507705e-02,-1.340448942643771707e-02,-8.187616143790335315e-04,1.765630645679431817e-03,-1.880325961903115545e-02,7.327505890782105846e-03,-1.373368672515344335e-01,-1.537708319271516126e-02,-1.768634339807772030e-03,-6.849047287914841742e-02,-1.537673047993348002e-02,-1.768634479775219818e-03,-6.849047156109701329e-02
-1.738116202721760655e-03,-3.114936252053513918e-04,2.944720629868441430e-04,1.425110237751480742e-05,-3.289979481638902539e-03,1.193820959677874965e-02,-8.581267170349317353e-02,-1.636141801203275237e-02,-1.035616592719204284e-03,2.069749616682003274e-03,-2.033824722307637708e-02,8.596245245647112648e-03,-1.467240501866294566e-01,-1.362298737560468063e-02,-1.074571449070554907e-03,-7.694703332385338657e-02,-1.362265712210818797e-02,-1.074582289272462462e-03,-7.694703335902035313e-02
-1.796073906692866214e-03,-3.294730010236960964e-04,3.031632060258022780e-04,1.555600190667352052e-05,-3.355937338082432084e-03,1.362283027582934097e-02,-9.471857602009395305e-02,-1.957544324905187080e-02,-1.260259486666654360e-03,2.382765739837649274e-03,-2.187007319164927313e-02,9.845631959479692399e-03,-1.557761365342279769e-01,-1.183427348411730112e-02,-2.435512833702804195e-04,-8.553460312188004844e-02,-1.183389554962148080e-02,-2.435690009297832807e-04,-8.553463556035564852e-02
-1.849833093731558485e-03,-3.466444924435622293e-04,3.077443258468224381e-04,1.663115538385522433e-05,-3.399242267996330658e-03,1.532769047342659105e-02,-1.034770262398366086e-01,-2.296733411673668179e-02,-1.486164582729103791e-03,2.697811554824408684e-03,-2.336773819091634424e-02,1.102528098717630960e-02,-1.643217045902277407e-01,-1.001968590805809439e-02,7.078005386759672959e-04,-9.424856992164125369e-02,-1.001934852296077622e-02,7.077903598463320105e-04,-9.424861068254829222e-02
-1.900217598411612632e-03,-3.631588622048491106e-04,3.085884210192943997e-04,1.745094177043841893e-05,-3.423052569849242225e-03,1.703419628565929975e-02,-1.120327454204856077e-01,-2.649405467799844510e-02,-1.708943563634845054e-03,3.011041419341012326e-03,-2.482068791516978817e-02,1.210108573717936370e-02,-1.723178441890178270e-01,-8.204863912127567660e-03,1.756719560764319647e-03,-1.030361596592780232e-01,-8.204525487695233862e-03,1.756701766448168439e-03,-1.030362085989923321e-01
-1.947078996823703098e-03,-3.789062669681072149e-04,3.061478754715675227e-04,1.801699897131637889e-05,-3.430440985459207170e-03,1.870812113614428798e-02,-1.202531718446740311e-01,-3.007054782970116844e-02,-1.922076068041127196e-03,3.315633752715606113e-03,-2.620401720527375591e-02,1.302902981323249970e-02,-1.796468279718181349e-01,-6.392221415766698861e-03,2.881007421563887630e-03,-1.118697107123995532e-01,-6.391881865829545512e-03,2.880994931436824807e-03,-1.118697564710225689e-01
-1.990440323376709963e-03,-3.937943406322460876e-04,3.009821693688432089e-04,1.835937174134480405e-05,-3.424855146193082900e-03,2.031553532348041174e-02,-1.280162222839134611e-01,-3.360645670359369008e-02,-2.119442717589725949e-03,3.605009546248158850e-03,-2.749512792805657371e-02,1.376899980778142039e-02,-1.861998394883539465e-01,-4.597405337232245322e-03,4.057919779110182729e-03,-1.207092481767760572e-01,-4.597036919726256617e-03,4.057907228900404194e-03,-1.207092914164246411e-01
-2.030214757204645143e-03,-4.077308308644699182e-04,2.938312496847445996e-04,1.853183025801298124e-05,-3.410127333645247491e-03,2.182219123083134135e-02,-1.352029304332831861e-01,-3.700507035958625068e-02,-2.295268733239799654e-03,3.872724129306048205e-03,-2.867279909350146580e-02,1.428587025947041129e-02,-1.918668557051028956e-01,-2.836928719274008689e-03,5.262813722122027839e-03,-1.295118006265375266e-01,-2.836546943627153098e-03,5.262798937470210790e-03,-1.295118438163011254e-01
-2.065277941047014964e-03,-4.202783875490108986e-04,2.845985134299841850e-04,1.844428606354955551e-05,-3.386551616317658598e-03,2.316953303844896186e-02,-1.415750773604864399e-01,-4.009924305008193135e-02,-2.442162612081247124e-03,4.107849031172715673e-03,-2.969417103612995504e-02,1.455314784481679183e-02,-1.965111588406060761e-01,-1.124456693101637088e-03,6.468568908981586242e-03,-1.382354676884969824e-01,-1.124075167471345589e-03,6.468550710279245136e-03,-1.382355131917258895e-01
-2.098714626397260672e-03,-4.323630922406999488e-04,2.748946219967013513e-04,1.839867749734290744e-05,-3.361845363131390867e-03,2.439316683666211544e-02,-1.473681697731171192e-01,-4.297737325392765595e-02,-2.563159911577843775e-03,4.317586026761336196e-03,-3.060462969401783404e-02,1.455692497876083340e-02,-2.002164221124895505e-01,5.129866508025080190e-04,7.662020470496678365e-03,-1.467849541240345557e-01,5.133543471791410587e-04,7.662000985955273562e-03,-1.467849996272630742e-01
-2.130656072366726196e-03,-4.439239640001401690e-04,2.651268089126502647e-04,1.834597877936472516e-05,-3.338229603118654694e-03,2.546078196569439428e-02,-1.524817896882949275e-01,-4.555244954947628572e-02,-2.654262172683059372e-03,4.496327338347344549e-03,-3.138866675040138249e-02,1.427363837036301798e-02,-2.028775509450474190e-01,2.067783485880682164e-03,8.812183483098709816e-03,-1.550797168503849077e-01,2.068167359190845565e-03,8.812163324679794796e-03,-1.550797622359162964e-01
-2.158096883682341684e-03,-4.540263520471272420e-04,2.544698193931496373e-04,1.813309393841924902e-05,-3.312683056977315521e-03,2.629813823808325665e-02,-1.565612044227145394e-01,-4.758636909054168862e-02,-2.711737466985331135e-03,4.630623356921826674e-03,-3.198569731996900312e-02,1.375542780448706093e-02,-2.044288784209991605e-01,3.502193594725323475e-03,9.877190331927744940e-03,-1.630860243300641665e-01,3.502574107236272865e-03,9.877168542444490773e-03,-1.630860697160504968e-01
-2.183299398662673710e-03,-4.633033998131296850e-04,2.430585174772691137e-04,1.776662160657920716e-05,-3.286934370401377575e-03,2.692806923341580991e-02,-1.597586936623411058e-01,-4.914298805909833590e-02,-2.739653590972769299e-03,4.724950210520474647e-03,-3.242527543175339338e-02,1.301312513305173668e-02,-2.049549247208746205e-01,4.811181174604392888e-03,1.085690660480035513e-02,-1.706610228271108753e-01,4.811557636091068867e-03,1.085688379224885973e-02,-1.706610667382933988e-01
-2.206623671503802221e-03,-4.718212282782364639e-04,2.300458116874552425e-04,1.705384573803194902e-05,-3.258845759758805579e-03,2.735239444487956237e-02,-1.620848430696749665e-01,-5.021273390311228879e-02,-2.742845322366315765e-03,4.779515064441922957e-03,-3.271059606572317841e-02,1.210693143958474494e-02,-2.045817977874214988e-01,5.970639416384965377e-03,1.172724405455975900e-02,-1.776927239743311959e-01,5.971015236670706994e-03,1.172721562583978541e-02,-1.776927667198938965e-01
-2.229038229666691941e-03,-4.798835175620072622e-04,2.141965576516987105e-04,1.569551270500026569e-05,-3.224830996995328020e-03,2.758986569932154326e-02,-1.636137806126272409e-01,-5.083485389132349347e-02,-2.728601742921745160e-03,4.796857942669464914e-03,-3.285338579550398791e-02,1.111089741864433773e-02,-2.034963805219597022e-01,6.945958971421211173e-03,1.246702370884028924e-02,-1.840399442812936104e-01,6.946335225876732779e-03,1.246699566693895700e-02,-1.840399868889977253e-01
-2.252269865431309834e-03,-4.880111858008958281e-04,1.934153448765197074e-04,1.327796664794837239e-05,-3.179249927573979742e-03,2.766997295340247603e-02,-1.644669907988013657e-01,-5.108632334601818925e-02,-2.705148838009327397e-03,4.779988186595446331e-03,-3.286831305580604351e-02,1.008986315191605886e-02,-2.018942049202971101e-01,7.735893458176342115e-03,1.304973527149348202e-02,-1.895595987202137456e-01,7.736270688962870214e-03,1.304970772019299619e-02,-1.895596410020288503e-01
-2.277486483853658535e-03,-4.962515985080367129e-04,1.652980654542764681e-04,9.122726586686074249e-06,-3.113021194206481729e-03,2.764440711898381517e-02,-1.648074814817682421e-01,-5.107617981143731944e-02,-2.685652992822032663e-03,4.735870068364801330e-03,-3.277414677140388921e-02,9.181100188395716760e-03,-2.001813403641614919e-01,8.304427203506829086e-03,1.347533544523932605e-02,-1.940834772242386042e-01,8.304806423179305480e-03,1.347530587104348379e-02,-1.940835188943475231e-01
-2.305542374174257819e-03,-5.053459830100970763e-04,1.259395910121713195e-04,2.992792772439496171e-06,-3.015509948139140535e-03,2.757872299243186234e-02,-1.648573319760038569e-01,-5.095025149991863622e-02,-2.683181688709873180e-03,4.671285340608194274e-03,-3.259259558912867838e-02,8.503627907858595306e-03,-1.987721152945869374e-01,8.647440968249792137e-03,1.373775291236543038e-02,-1.974505843648666770e-01,8.647836459802611675e-03,1.373770922643663926e-02,-1.974506214464169240e-01
-2.335748096725564094e-03,-5.147739172683246092e-04,7.596045127335115054e-05,-4.932581749173198517e-06,-2.884888791738059611e-03,2.756626974107653782e-02,-1.649222814147250360e-01,-5.089573330922599059e-02,-2.711724972997690657e-03,4.603819999980771245e-03,-3.237433765433155725e-02,8.215525192062715990e-03,-1.982454145824257552e-01,8.726840172270943635e-03,1.382441723254617880e-02,-1.995138702061883262e-01,8.727235154132428896e-03,1.382437245624413592e-02,-1.995139023679241286e-01
-2.372444447198196037e-03,-5.260221349532576748e-04,8.861607395901162408e-06,-1.552562062978175999e-05,-2.702438952203798164e-03,2.767503677574556162e-02,-1.652529183760081677e-01,-5.104873722359998256e-02,-2.783275492966647523e-03,4.535827038025157763e-03,-3.212623252963804632e-02,8.369028756421705365e-03,-1.989035301147116519e-01,8.544258866648536677e-03,1.376045323540526014e-02,-2.001755778085950177e-01,8.544655599653836961e-03,1.376040656866330675e-02,-2.001756093591679220e-01
-2.423922342297173474e-03,-5.415511434068065368e-04,-9.237122539998345472e-05,-3.102514087363375766e-05,-2.418429352571304768e-03,2.804385028321792692e-02,-1.662997195180371535e-01,-5.162728994417779826e-02,-2.930115082607612654e-03,4.469670783133778552e-03,-3.184144441608607184e-02,9.158437809493784679e-03,-2.015412921514145861e-01,8.088750299263727100e-03,1.353950197339296412e-02,-1.993373751028315322e-01,8.089123815789743197e-03,1.353946193013532036e-02,-1.993374278014446999e-01
-2.485058614448576279e-03,-5.598104604948164276e-04,-2.170514971887429275e-04,-4.905480074885435783e-05,-2.059648722632935990e-03,2.873397214309524397e-02,-1.682778376498130501e-01,-5.267474484005369578e-02,-3.147712940769742916e-03,4.430682359747686525e-03,-3.160195679257787188e-02,1.057088404805534183e-02,-2.062985737541182807e-01,7.370954933824316359e-03,1.323548888305316022e-02,-1.970628039288750133e-01,7.371239877449617221e-03,1.323544873770432159e-02,-1.970628289777697217e-01
-2.559954820790562389e-03,-5.817736051566747184e-04,-3.734922892071991041e-04,-6.951037450017725149e-05,-1.600376173809758829e-03,2.986923868674688093e-02,-1.716017804579307859e-01,-5.428427183304182502e-02,-3.456105625694070888e-03,4.429580804469219341e-03,-3.143254330271966213e-02,1.270740276205306434e-02,-2.137245017543754066e-01,6.374122487258002470e-03,1.284786947098402743e-02,-1.934553201121834987e-01,6.374407271569746194e-03,1.284783347967765818e-02,-1.934553443009172369e-01
-2.649857271635158197e-03,-6.080562361961834280e-04,-5.605142806620531893e-04,-9.090103283681807902e-05,-1.041162661053121304e-03,3.148833166616697710e-02,-1.764171920681233130e-01,-5.635855743286727337e-02,-3.858415319433552981e-03,4.478336782173501611e-03,-3.137224917219744863e-02,1.550667690288055553e-02,-2.237349817887424597e-01,5.125914212240091465e-03,1.247035301417711260e-02,-1.887404544642896365e-01,5.126222009687773744e-03,1.247031628136962070e-02,-1.887404788179557757e-01
-2.757506245497635088e-03,-6.400601127161660662e-04,-7.768390493066411068e-04,-1.131156948480974665e-04,-3.906554206098186276e-04,3.359140909467914216e-02,-1.827505078973727382e-01,-5.870392427836738924e-02,-4.354560973043723228e-03,4.582806865476508201e-03,-3.145559000143016704e-02,1.885236250732024582e-02,-2.359928554737515949e-01,3.651279992973138506e-03,1.218027605393060681e-02,-1.832878269321652209e-01,3.651587770947578322e-03,1.218025010031499773e-02,-1.832878790089912113e-01
-2.884569209266912414e-03,-6.779853601536328092e-04,-1.013993067276668103e-03,-1.326349262286578357e-04,3.279809814282408820e-04,3.610264288737776578e-02,-1.903725935837080885e-01,-6.101891791790339109e-02,-4.932518556085258021e-03,4.744066084964155411e-03,-3.169925077734549873e-02,2.254201364395174573e-02,-2.497397813670214073e-01,1.991007795771390990e-03,1.207648790545079107e-02,-1.775403305065703929e-01,1.991289238201104494e-03,1.207646207944179303e-02,-1.775403740701616273e-01
-3.029659253369216751e-03,-7.218169476483800306e-04,-1.265997648865335853e-03,-1.490886439224556597e-04,1.092680888696376208e-03,3.896784677285264342e-02,-1.991155072496599288e-01,-6.311391661955453869e-02,-5.577243757269743397e-03,4.956846803676305188e-03,-3.210134694077158152e-02,2.645896539881383361e-02,-2.644694396404583814e-01,2.097127975689489551e-04,1.219708010445644426e-02,-1.716875020599871737e-01,2.099761959951612460e-04,1.219705424746321196e-02,-1.716875081570448380e-01
-3.193727429557396535e-03,-7.728525132077718315e-04,-1.547911553377880316e-03,-1.646382078188219299e-04,1.951423034000143719e-03,4.241637762774864290e-02,-2.096674908248002123e-01,-6.511880594788878318e-02,-6.305086975330994464e-03,5.231705094759175889e-03,-3.269464557243160346e-02,3.082368004569106812e-02,-2.808612836351677133e-01,-1.592922498584007284e-03,1.243923209585321224e-02,-1.654325950355861052e-01,-1.592684159023133447e-03,1.243920811858816033e-02,-1.654326137863461332e-01
-3.367437118107674716e-03,-8.267314560724699744e-04,-1.907615752383172566e-03,-1.839257417699141672e-04,3.046289277822602799e-03,4.713518136460385227e-02,-2.241332129333570566e-01,-6.753517604540611174e-02,-7.174640333746822203e-03,5.632257926147171863e-03,-3.365244906830271859e-02,3.620860411262050160e-02,-3.009138484895900745e-01,-3.293117537467388223e-03,1.258282831818830459e-02,-1.582114479342764946e-01,-3.292866520446775282e-03,1.258284021289565041e-02,-1.582113663810996440e-01
-3.547186718437038075e-03,-8.841118472592259187e-04,-2.424944228161117227e-03,-2.166367288947627478e-04,4.615320541704326374e-03,5.417518720648340641e-02,-2.456417752021665679e-01,-7.129858366987978924e-02,-8.309822188323021802e-03,6.289080161047034927e-03,-3.535995362400566611e-02,4.320262521144937334e-02,-3.263121802973997787e-01,-4.796017200631644620e-03,1.239083653005298297e-02,-1.497075427038978834e-01,-4.795763756507490094e-03,1.239091840143445589e-02,-1.497073136969401530e-01
-3.724446942312378047e-03,-9.411864589692198321e-04,-3.183703590808636789e-03,-2.766013376558507249e-04,6.893361346921794870e-03,6.456835016406640981e-02,-2.770693127597381733e-01,-7.782280460101895225e-02,-9.843297513969570880e-03,7.376411714119404488e-03,-3.835344416510128029e-02,5.198703694460140440e-02,-3.567271280286418711e-01,-6.031453948757849182e-03,1.164781293364742024e-02,-1.398792046431678038e-01,-6.031212230279630639e-03,1.164795611478676614e-02,-1.398790719242061775e-01
-3.891676694649464849e-03,-9.962762361244990091e-04,-4.239168380034927762e-03,-3.837995335098935332e-04,1.001509393566448955e-02,7.896731769952151925e-02,-3.198861707781910368e-01,-8.888363608209264022e-02,-1.187857518924109561e-02,9.056335646313159668e-03,-4.314789836152789493e-02,6.219241231022497318e-02,-3.894997512590614996e-01,-6.946667274551816297e-03,1.013917109490095232e-02,-1.286232099313473765e-01,-6.946410992012487864e-03,1.013928353864111676e-02,-1.286231219424163741e-01
-4.047167849266968334e-03,-1.047992439215244881e-03,-5.621715085696476176e-03,-5.607307342172933610e-04,1.401749609038790631e-02,9.753058724502361443e-02,-3.737905984443346541e-01,-1.063508524185757809e-01,-1.445360416555003039e-02,1.143283253996057146e-02,-5.010802865900391284e-02,7.299470445981962041e-02,-4.195777225141949507e-01,-7.500535755857563186e-03,7.623222127864289280e-03,-1.155467677632048829e-01,-7.500280448807881278e-03,7.623338998514492780e-03,-1.155467182097945356e-01
-4.183586222168756905e-03,-1.094320735059786014e-03,-7.280560015340930939e-03,-8.220348276345365579e-04,1.867118967656448275e-02,1.193980909694214165e-01,-4.354342509409870332e-01,-1.310773630568841941e-01,-1.746966851241051055e-02,1.445880937130940291e-02,-5.909103811833615189e-02,8.327714805956436261e-02,-4.424314000555645277e-01,-7.636311392639680111e-03,3.863810428882480819e-03,-1.000053998025358937e-01,-7.635996120336754379e-03,3.864104917183874572e-03,-1.000053555343647371e-01
-4.293586168215161696e-03,-1.132435726798731220e-03,-9.090813284867080984e-03,-1.161283870926894772e-03,2.359229354032612094e-02,1.429539957202606570e-01,-4.994909533999215556e-01,-1.620138898019206353e-01,-2.070653303128502237e-02,1.790550267869368828e-02,-6.928163383961319366e-02,9.215906570666236586e-02,-4.555834627123001579e-01,-7.315968480056838849e-03,-1.388822307453361658e-03,-8.121032935867805724e-02,-7.315655118553513261e-03,-1.388416041656817708e-03,-8.121028652823925054e-02
-4.376494321817183883e-03,-1.162128205259426762e-03,-1.089505492976467448e-02,-1.552650508236165430e-03,2.828248666958528557e-02,1.660107105438669850e-01,-5.594625580025313072e-01,-1.956396263722888496e-01,-2.385280563297704007e-02,2.138810868560091921e-02,-7.937834979006933023e-02,9.928570477113006498e-02,-4.608318902587106858e-01,-6.473520004881916888e-03,-8.088087738588845346e-03,-5.915022246807990353e-02,-6.473196815793474078e-03,-8.087682219395795485e-03,-5.915018071205599415e-02
-4.429992176804241170e-03,-1.182298122933611671e-03,-1.257397293272956469e-02,-1.963298570735108085e-03,3.242787123517926196e-02,1.870500225296742314e-01,-6.114583674644356037e-01,-2.283944630548926658e-01,-2.667705906075262465e-02,2.459138958088780830e-02,-8.830356033284107731e-02,1.048063295314043547e-01,-4.621063400168212709e-01,-5.163867015889275942e-03,-1.575989429340256612e-02,-3.510271352486957902e-02,-5.163539048628960210e-03,-1.575951663002664663e-02,-3.510267176884532270e-02
-4.460209919575722562e-03,-1.194803958194060045e-03,-1.407307025665055673e-02,-2.368090125208202525e-03,3.590481464465459377e-02,2.053999273590387531e-01,-6.540997475561612928e-01,-2.577179644375562351e-01,-2.905949376186204788e-02,2.736089826127812916e-02,-9.556758748803183268e-02,1.087390982990500687e-01,-4.611413314348597470e-01,-3.563399306128811617e-03,-2.366970540095476513e-02,-1.084485138899951226e-02,-3.563070952492232435e-03,-2.366930872789899803e-02,-1.084481138332925830e-02
-4.468323512447880744e-03,-1.199842473036917588e-03,-1.537098113788420116e-02,-2.747767488000256008e-03,3.870330824382502838e-02,2.208397665880139360e-01,-6.875449437760836613e-01,-2.821880751307322965e-01,-3.095247756267668904e-02,2.964241217696731226e-02,-1.011273318448134839e-01,1.111283420608825123e-01,-4.586768705644496125e-01,-1.826040627708032165e-03,-3.128328812283722588e-02,1.256110912229354420e-02,-1.825711728504886451e-03,-3.128290935783218513e-02,1.256114674608312977e-02
-4.453826600751741027e-03,-1.197182796725014065e-03,-1.646388527202980248e-02,-3.088350599476478563e-03,4.087577299597919961e-02,2.335117847061069229e-01,-7.129652127739914969e-01,-3.015243491254337438e-01,-3.238488665314230575e-02,3.145834846680624353e-02,-1.050781995360037663e-01,1.122386995315641789e-01,-4.564087938947845036e-01,-3.126009014320802479e-05,-3.830961138295899127e-02,3.458163251247861614e-02,-3.091051553026958362e-05,-3.830922208694554493e-02,3.458167594248585247e-02
-4.418976199205737650e-03,-1.187497467480247903e-03,-1.736484729003340971e-02,-3.383285735838017887e-03,4.250571459041956046e-02,2.436623685482904589e-01,-7.316358569661890465e-01,-3.159693169999369666e-01,-3.339969673661086907e-02,3.284509630078008557e-02,-1.076465009414920848e-01,1.123738723045271670e-01,-4.548069986857563030e-01,1.757677143365923974e-03,-4.456164382558522319e-02,5.492151385696807803e-02,1.758020842150193226e-03,-4.456119796916424569e-02,5.492155713686240615e-02
-4.365724560753648023e-03,-1.171836058804702745e-03,-1.809262845194264252e-02,-3.631192766777222546e-03,4.368668466535195055e-02,2.516307610251855564e-01,-7.449715175272395573e-01,-3.262382135416136419e-01,-3.406581224667137864e-02,3.386630314006878334e-02,-1.090998280672619003e-01,1.118502858180773080e-01,-4.543594914476619673e-01,3.496503662605022697e-03,-4.991739368386538533e-02,7.335197170924333265e-02,3.496841587034942023e-03,-4.991697416122053976e-02,7.335201663983627329e-02
-4.295295479232758701e-03,-1.150593424900723215e-03,-1.867060609678437844e-02,-3.833770854534670255e-03,4.451339762630682900e-02,2.577810730463269140e-01,-7.542818533691006966e-01,-3.332093206132608065e-01,-3.445691599431151275e-02,3.459434638380325111e-02,-1.097188999978349760e-01,1.109414651107544780e-01,-4.550877938315452953e-01,5.151728212354522371e-03,-5.431649350789751612e-02,8.977509033812336448e-02,5.152073588683575914e-03,-5.431607454171699656e-02,8.977513417224504411e-02
-4.217911796805789287e-03,-1.127620329735209807e-03,-1.909517227085744465e-02,-3.985096643113844768e-03,4.504312532070642999e-02,2.622102727718352844e-01,-7.604545455168190138e-01,-3.375291616107466974e-01,-3.464665147733057837e-02,3.507032206256503748e-02,-1.097896048088204679e-01,1.100428390963296144e-01,-4.568184579991485528e-01,6.725325138847467257e-03,-5.777326235355319251e-02,1.042235568188714101e-01,6.725668228521475799e-03,-5.777283200265695418e-02,1.042235974855761221e-01
-4.122941966633812683e-03,-1.099607690847130429e-03,-1.945333632837996027e-02,-4.116211924880226920e-03,4.540692680319698832e-02,2.658153380517718212e-01,-7.648942946719918812e-01,-3.404413590346865859e-01,-3.469361492987971946e-02,3.541865818534559868e-02,-1.094449904950291069e-01,1.088631590273609062e-01,-4.591906581027417888e-01,8.177692722205753828e-03,-6.029478018364307912e-02,1.167118112036698852e-01,8.178039893695636386e-03,-6.029433600069682153e-02,1.167118245678326477e-01
-4.020605597837802712e-03,-1.070157258698053613e-03,-1.973032582936088894e-02,-4.219143361074692566e-03,4.562801489188861997e-02,2.685505857402981089e-01,-7.679665597100463481e-01,-3.422428987645511067e-01,-3.464835607844426318e-02,3.565644439105231794e-02,-1.088851827532492517e-01,1.076998084258595778e-01,-4.618437149219123961e-01,9.550410788342993812e-03,-6.197290731941470371e-02,1.274484637638605700e-01,9.550785301371135516e-03,-6.197246174381856182e-02,1.274484745866043822e-01
-3.913094178746724661e-03,-1.040196756528262521e-03,-1.994535389493932998e-02,-4.300219825142597568e-03,4.574745283937230178e-02,2.706504043791003178e-01,-7.701270567897182673e-01,-3.433370223832197254e-01,-3.454546176909619598e-02,3.582469518475442372e-02,-1.082146206650535514e-01,1.065480347114154819e-01,-4.644548375749452118e-01,1.083390321505745858e-02,-6.289500367477278420e-02,1.366497021700932291e-01,1.083427505012767023e-02,-6.289455458993319092e-02,1.366497307726452781e-01
-3.803174233850066793e-03,-1.010558436490349449e-03,-2.011116517347914107e-02,-4.363369979294901869e-03,4.579245944630964960e-02,2.722745734038465870e-01,-7.716642195482236177e-01,-3.439726957226341142e-01,-3.441009128205429340e-02,3.595250027441636298e-02,-1.075097046930428707e-01,1.054012556765148156e-01,-4.667877094877334043e-01,1.204708379702819354e-02,-6.318075428511722713e-02,1.445626351544262722e-01,1.204745305523860673e-02,-6.318030642453091594e-02,1.445626477562157453e-01
-3.691632976425305874e-03,-9.818350350575418516e-04,-2.023845738300495897e-02,-4.412440402092842641e-03,4.577959109183377812e-02,2.735480123299322552e-01,-7.727575899348015920e-01,-3.442951375859636398e-01,-3.425648543770188487e-02,3.606125615604427459e-02,-1.068086689254176547e-01,1.042273977241036514e-01,-4.687323572768306579e-01,1.320464166364943188e-02,-6.297047840586209033e-02,1.514515659995949171e-01,1.320504064295577318e-02,-6.297003054527609833e-02,1.514515611837807529e-01
-3.584015282805658956e-03,-9.554125248178580018e-04,-2.032981640476883706e-02,-4.447510004794186754e-03,4.572101429822399143e-02,2.745309018412427360e-01,-7.735333735183292925e-01,-3.444050175845427830e-01,-3.410479407439275662e-02,3.616569472232177701e-02,-1.061766613655308750e-01,1.030756307180451525e-01,-4.701924086975725614e-01,1.431983342494118870e-02,-6.237177458149177622e-02,1.575201389738004887e-01,1.432023705274362672e-02,-6.237134577858307466e-02,1.575201258427014472e-01
-3.476990864644383117e-03,-9.303881860183256178e-04,-2.039193657123161002e-02,-4.471066531622640110e-03,4.561592689860676647e-02,2.752927786222308382e-01,-7.740306829846036463e-01,-3.443274553057280585e-01,-3.395463427028909409e-02,3.628060161216085239e-02,-1.056105912792152657e-01,1.018782122117771471e-01,-4.711658300260409549e-01,1.539556823769156792e-02,-6.146767435079034808e-02,1.629131577891205496e-01,1.539597694632895142e-02,-6.146724536556412433e-02,1.629131455452919874e-01
-3.391332060828955528e-03,-9.116507753535212566e-04,-2.042031311856661036e-02,-4.481410259168389781e-03,4.549579576013609850e-02,2.758382119428192114e-01,-7.744252822472529330e-01,-3.442261601878566779e-01,-3.385329933367673544e-02,3.640203720119971481e-02,-1.052580902101773463e-01,1.009412582025768224e-01,-4.716589156469255251e-01,1.641985341243445626e-02,-6.031618522463603332e-02,1.676648768620579710e-01,1.642026133207971292e-02,-6.031575667801703650e-02,1.676648647037563555e-01
-3.305867545631073837e-03,-8.942343407544795821e-04,-2.042410839586487198e-02,-4.482128900776216791e-03,4.532551557832683459e-02,2.762349398214998808e-01,-7.745967454395413787e-01,-3.439821056964432189e-01,-3.376400822936058421e-02,3.655521829203136480e-02,-1.050041521368112185e-01,9.995977577340878217e-02,-4.717328768806234862e-01,1.737069253947634215e-02,-5.896254579874041918e-02,1.718537966955631657e-01,1.737110134150434207e-02,-5.896211296046721673e-02,1.718537857589689521e-01
-3.224543653660736937e-03,-8.786939564428450063e-04,-2.040146522593426492e-02,-4.472451080675901407e-03,4.510580195031416856e-02,2.764988845690779518e-01,-7.745989786187906789e-01,-3.436485849938545889e-01,-3.370125321616180419e-02,3.674791378475204817e-02,-1.048966740436433898e-01,9.902113698049602730e-02,-4.714551554134607247e-01,1.822228188781285785e-02,-5.741638690267259620e-02,1.754769219002969283e-01,1.822269361749789471e-02,-5.741597521325450537e-02,1.754769112103183593e-01
-3.218169929859356505e-03,-8.777913358581922220e-04,-2.039481507686359898e-02,-4.470594953790856668e-03,4.508380692579690846e-02,2.767563209353445242e-01,-7.751347714395709909e-01,-3.438778817506030760e-01,-3.372642823271104762e-02,3.678652243432514735e-02,-1.049602806385397380e-01,9.910017833298566392e-02,-4.717585970090948377e-01,1.896896386365937853e-02,-5.566824527997761562e-02,1.782960321805226178e-01,1.896937616840737098e-02,-5.566783282737317734e-02,1.782960209331962420e-01
-3.212884354874984052e-03,-8.770845242983077656e-04,-2.038306632680482455e-02,-4.467511025875226839e-03,4.505129131710706308e-02,2.769467446862824977e-01,-7.755292863463993935e-01,-3.440420406986290924e-01,-3.374651264454010813e-02,3.682088814282766243e-02,-1.050203581092773175e-01,9.915010749674739443e-02,-4.719716531086782796e-01,1.956857284922331255e-02,-5.374178234583076169e-02,1.804625425365093128e-01,1.956898475109570407e-02,-5.374137083783966234e-02,1.804625317362937853e-01
-3.208620815098013092e-03,-8.765428287084925732e-04,-2.036622977799051187e-02,-4.463258086847091480e-03,4.500812119049502069e-02,2.770699229147610132e-01,-7.757834278395018268e-01,-3.441449842630561751e-01,-3.376211314448888945e-02,3.685156886345910404e-02,-1.050783477922663384e-01,9.917757473931623768e-02,-4.721023891352902346e-01,1.999265670901786279e-02,-5.163177744077942360e-02,1.819398528443472163e-01,1.999306891268663733e-02,-5.163136397316345910e-02,1.819398417693264824e-01
-3.205108080304695101e-03,-8.761150218402473941e-04,-2.034388423753513003e-02,-4.457717370039999440e-03,4.495308348877142396e-02,2.771273081059906773e-01,-7.759013980144325862e-01,-3.441926052042698636e-01,-3.377428294195138070e-02,3.688043035100670164e-02,-1.051376128194016074e-01,9.919036028435507246e-02,-4.721630410749593221e-01,2.021046393593288817e-02,-4.933659533545404346e-02,1.826950750306453597e-01,2.021087611960144942e-02,-4.933618186509439868e-02,1.826950639201153082e-01
-3.201919285381209235e-03,-8.757387336919585704e-04,-2.031536518429771093e-02,-4.450687895438305147e-03,4.488318386988322806e-02,2.771222748717678819e-01,-7.758968179118196362e-01,-3.441974406428137678e-01,-3.378504563401322353e-02,3.691116437807029360e-02,-1.052056854412107834e-01,9.920211351928895360e-02,-4.721781810190751605e-01,2.019786168100253312e-02,-4.685939260643163379e-02,1.826964305576820324e-01,2.019827386341100164e-02,-4.685897926329875979e-02,1.826964194471519809e-01
-3.163933030474411472e-03,-8.719623599872894327e-04,-2.017273195871150532e-02,-4.402292488350378723e-03,4.443669378840304357e-02,2.772623117404142690e-01,-7.764407472510684860e-01,-3.446686506666811201e-01,-3.393906302824361426e-02,3.729863844948996809e-02,-1.059789814731533913e-01,9.971580068976480804e-02,-4.731220430257551124e-01,1.993505724363766121e-02,-4.420439433635511839e-02,1.818338524667689471e-01,1.993546687569529297e-02,-4.420398220236856218e-02,1.818338392323832209e-01
-3.122740402113894850e-03,-8.684153060554586313e-04,-1.998756990510877629e-02,-4.341055757755983742e-03,4.386104158765032068e-02,2.775844764167652579e-01,-7.776439802454389039e-01,-3.456326812147938465e-01,-3.415119622617038275e-02,3.778856375713134097e-02,-1.070121002407593697e-01,1.007053914214768725e-01,-4.750705579766114073e-01,1.938372385212996582e-02,-4.139905299792363130e-02,1.801329906451667462e-01,1.938412806181183737e-02,-4.139864320657862806e-02,1.801329754752154511e-01
-3.086260477548096945e-03,-8.657665884830461657e-04,-1.978539026338604206e-02,-4.276920492664346846e-03,4.323808512749140187e-02,2.780712967347425679e-01,-7.794363702152367068e-01,-3.469644503575031180e-01,-3.437557825436285408e-02,3.828643563870800376e-02,-1.081088857798516434e-01,1.020151032838948341e-01,-4.778093455063636696e-01,1.855588496089614209e-02,-3.845840692627634783e-02,1.777390658983304950e-01,1.855631316730393943e-02,-3.845798726527446115e-02,1.777390502966800789e-01
-3.054541547529560346e-03,-8.640509653905945010e-04,-1.956950221711749663e-02,-4.211723766870707243e-03,4.257283395758701405e-02,2.787284480754769755e-01,-7.818307371928866489e-01,-3.485934853132456879e-01,-3.459719966479094660e-02,3.877361587655041991e-02,-1.092232111154610441e-01,1.035662310329724806e-01,-4.812524702183496039e-01,1.745178275559748637e-02,-3.543827128305587770e-02,1.747567687395705505e-01,1.745220814633097542e-02,-3.543784065492521645e-02,1.747567539504102374e-01
-3.027626177810219515e-03,-8.628326476318493076e-04,-1.933878393621331002e-02,-4.145662572780025278e-03,4.185874531125226977e-02,2.795376539118902270e-01,-7.847679213344292970e-01,-3.503970516124198520e-01,-3.480228435162072836e-02,3.923861896793331971e-02,-1.103263810580761700e-01,1.052511640227355438e-01,-4.852129103456436776e-01,1.606935205910540315e-02,-3.238291046984068805e-02,1.713884717874982755e-01,1.606976672711591878e-02,-3.238248214220401655e-02,1.713884486163279319e-01
-3.005208888158214606e-03,-8.621473049278206889e-04,-1.909064580038048395e-02,-4.078809077348135789e-03,4.108166539736170242e-02,2.804656287222556665e-01,-7.881411723623166221e-01,-3.522339722386675365e-01,-3.498181973535310213e-02,3.967646744808972503e-02,-1.114087386342293567e-01,1.069659051475300299e-01,-4.894853381756765209e-01,1.445278443082760947e-02,-2.938720680661746631e-02,1.677922813571564586e-01,1.445320668296953999e-02,-2.938677624631556504e-02,1.677922593809934582e-01
-2.986912154659238528e-03,-8.617326587521239581e-04,-1.881732167408755804e-02,-4.010092105834689793e-03,4.021173388363344370e-02,2.814445768798345404e-01,-7.917195613633146722e-01,-3.539211242849018002e-01,-3.512887527909640262e-02,4.008864418042808186e-02,-1.124802796977264208e-01,1.085776074584617751e-01,-4.937412976482754012e-01,1.261876375253696489e-02,-2.651204704493227010e-02,1.642366098807997721e-01,1.261919298230518120e-02,-2.651162060432597084e-02,1.642365878970503401e-01
-2.972933627684466121e-03,-8.613810735051176132e-04,-1.851185483168816745e-02,-3.939441082747530305e-03,3.921879960041510516e-02,2.823726114104774254e-01,-7.951508342114513850e-01,-3.552778686871119751e-01,-3.523978921329609659e-02,4.047772341044912625e-02,-1.135599838298636116e-01,1.099523662411462377e-01,-4.975929744662931364e-01,1.061980808858816600e-02,-2.385592466834866518e-02,1.609692067168199403e-01,1.062024180575008719e-02,-2.385550328163817124e-02,1.609691856607719795e-01
-2.962991804452276383e-03,-8.612052059144352208e-04,-1.815771685663323393e-02,-3.865550209690983043e-03,3.803888831617178307e-02,2.831162110760326867e-01,-7.979552238465024150e-01,-3.561759033633410954e-01,-3.531601812124471329e-02,4.085831398994012320e-02,-1.147032261391058294e-01,1.109651505100504032e-01,-5.005881327202192921e-01,8.517792158651445872e-03,-2.151290901147555334e-02,1.582397392974773664e-01,8.518225875813131148e-03,-2.151249223794012358e-02,1.582397130634083104e-01
-2.957113891394942164e-03,-8.612251086394925523e-04,-1.774935350766876016e-02,-3.790872999120867021e-03,3.664361443094008713e-02,2.835698849663268462e-01,-7.997416421288033872e-01,-3.566357263478865947e-01,-3.536165031210609239e-02,4.123370929516860517e-02,-1.159353303740286861e-01,1.115727105842033023e-01,-5.024571204567749305e-01,6.402324595204489897e-03,-1.954257428169933752e-02,1.561081799064375497e-01,6.402758312365897618e-03,-1.954215706441733008e-02,1.561081327541795072e-01
-2.954216821951964351e-03,-8.612777695634950964e-04,-1.727847816798625674e-02,-3.718125674820174642e-03,3.499928465846149223e-02,2.836943584359021275e-01,-8.003347845933872495e-01,-3.567696975731264319e-01,-3.538279278052933879e-02,4.161106333412066538e-02,-1.172799584814405299e-01,1.118120541721818600e-01,-5.031637984211573267e-01,4.357404318396812005e-03,-1.797106576699890323e-02,1.545403490691781845e-01,4.357846346720636865e-03,-1.797064846695458490e-02,1.545403057087980370e-01
-2.953240520146491188e-03,-8.613760428552863372e-04,-1.674445279445771831e-02,-3.650875389183181816e-03,3.309695571735279951e-02,2.835799620944653432e-01,-8.000391052851762996e-01,-3.567242028963059086e-01,-3.538466880073728310e-02,4.199034046417870342e-02,-1.187297267697533798e-01,1.118254829262106675e-01,-5.030878628467305713e-01,2.491211838948813317e-03,-1.677584644345895756e-02,1.533358254840209156e-01,2.491715780426072540e-03,-1.677542888784716232e-02,1.533357846425140725e-01
-2.953480426691335991e-03,-8.616228041746973581e-04,-1.617114564045480513e-02,-3.595076630856096529e-03,3.102139566917933369e-02,2.835770035007181278e-01,-8.001556043681055108e-01,-3.567741215703053581e-01,-3.537119028297163598e-02,4.235402380648187887e-02,-1.202019382395218688e-01,1.119079600389341900e-01,-5.032912642504953071e-01,9.102867213082715264e-04,-1.582409947663782762e-02,1.520342055868578457e-01,9.107872209884607453e-04,-1.582369041358328357e-02,1.520341641596029136e-01
-2.952371127195334202e-03,-8.615596149532074111e-04,-1.562483936690758565e-02,-3.554247726387796662e-03,2.902247845296359804e-02,2.842869288956517138e-01,-8.029628393535643838e-01,-3.575792453821068917e-01,-3.534631010326193257e-02,4.266483364004114431e-02,-1.215289001991686491e-01,1.124347845264285772e-01,-5.052681558696656694e-01,-3.053700726958071768e-04,-1.491571983359955486e-02,1.501484623027214138e-01,-3.048706705969055335e-04,-1.491531588915892201e-02,1.501484216272630789e-01
-2.947566261445541853e-03,-8.614323385000964171e-04,-1.513984995026639198e-02,-3.524513047551322640e-03,2.723754478050486802e-02,2.864643851091588367e-01,-8.113550834069499507e-01,-3.605781142882595880e-01,-3.531735058830390295e-02,4.291972562354485349e-02,-1.226831887846843022e-01,1.137855925316213074e-01,-5.104873714667577111e-01,-1.066472586252187153e-03,-1.383524250086204388e-02,1.472946802362302132e-01,-1.065965249387689200e-03,-1.383484318545894626e-02,1.472946398781213861e-01
-2.937615976738590373e-03,-8.611891177116625176e-04,-1.477888282280320764e-02,-3.504281039676376483e-03,2.591177662585700606e-02,2.908430785646131667e-01,-8.281498909528879349e-01,-3.681656724706458550e-01,-3.530356747027674907e-02,4.311549154406748435e-02,-1.236584613987577463e-01,1.162765099550293196e-01,-5.198511140572732447e-01,-1.337690021940096978e-03,-1.232435510241412964e-02,1.432234242434223259e-01,-1.337184838471450416e-03,-1.232393889779290555e-02,1.432233890590290659e-01
0.000000000000000000e+00,0.000000000000000000e+00,0.000000000000000000e+00,0.000000000000000000e+00,0.000000000000000000e+00,0.000000000000000000e+00,0.000000000000000000e+00,0.000000000000000000e+00,0.000000000000000000e+00,0.000000000000000000e+00,0.000000000000000000e+00,0.000000000000000000e+00,0.000000000000000000e+00,0.000000000000000000e+00,0.000000000000000000e+00,0.000000000000000000e+00,0.000000000000000000e+00,0.000000000000000000e+00,0.000000000000000000e+00
0.000000000000000000e+00,0.000000000000000000e+00,0.000000000000000000e+00,0.000000000000000000e+00,0.000000000000000000e+00,0.000000000000000000e+00,0.000000000000000000e+00,0.000000000000000000e+00,0.000000000000000000e+00,0.000000000000000000e+00,0.000000000000000000e+00,0.000000000000000000e+00,0.000000000000000000e+00,0.000000000000000000e+00,0.000000000000000000e+00,0.000000000000000000e+00,0.000000000000000000e+00,0.000000000000000000e+00,0.000000000000000000e+00
0.000000000000000000e+00,0.000000000000000000e+00,0.000000000000000000e+00,0.000000000000000000e+00,0.000000000000000000e+00,0.000000000000000000e+00,0.000000000000000000e+00,0.000000000000000000e+00,0.000000000000000000e+00,0.000000000000000000e+00,0.000000000000000000e+00,0.000000000000000000e+00,0.000000000000000000e+00,0.000000000000000000e+00,0.000000000000000000e+00,0.000000000000000000e+00,0.000000000000000000e+00,0.000000000000000000e+00,0.000000000000000000e+00
0.000000000000000000e+00,0.000000000000000000e+00,0.000000000000000000e+00,0.000000000000000000e+00,0.000000000000000000e+00,0.000000000000000000e+00,0.000000000000000000e+00,0.000000000000000000e+00,0.000000000000000000e+00,0.000000000000000000e+00,0.000000000000000000e+00,0.000000000000000000e+00,0.000000000000000000e+00,0.000000000000000000e+00,0.000000000000000000e+00,0.000000000000000000e+00,0.000000000000000000e+00,0.000000000000000000e+00,0.000000000000000000e+00
0.000000000000000000e+00,0.000000000000000000e+00,0.000000000000000000e+00,0.000000000000000000e+00,0.000000000000000000e+00,0.000000000000000000e+00,0.000000000000000000e+00,0.000000000000000000e+00,0.000000000000000000e+00,0.000000000000000000e+00,0.000000000000000000e+00,0.000000000000000000e+00,0.000000000000000000e+00,0.000000000000000000e+00,0.000000000000000000e+00,0.000000000000000000e+00,0.000000000000000000e+00,0.000000000000000000e+00,0.000000000000000000e+00
0.000000000000000000e+00,0.000000000000000000e+00,0.000000000000000000e+00,0.000000000000000000e+00,0.000000000000000000e+00,0.000000000000000000e+00,0.000000000000000000e+00,0.000000000000000000e+00,0.000000000000000000e+00,0.000000000000000000e+00,0.000000000000000000e+00,0.000000000000000000e+00,0.000000000000000000e+00,0.000000000000000000e+00,0.000000000000000000e+00,0.000000000000000000e+00,0.000000000000000000e+00,0.000000000000000000e+00,0.000000000000000000e+00
0.000000000000000000e+00,0.000000000000000000e+00,0.000000000000000000e+00,0.000000000000000000e+00,0.000000000000000000e+00,0.000000000000000000e+00,0.000000000000000000e+00,0.000000000000000000e+00,0.000000000000000000e+00,0.000000000000000000e+00,0.000000000000000000e+00,0.000000000000000000e+00,0.000000000000000000e+00,0.000000000000000000e+00,0.000000000000000000e+00,0.000000000000000000e+00,0.000000000000000000e+00,0.000000000000000000e+00,0.000000000000000000e+00
0.000000000000000000e+00,0.000000000000000000e+00,0.000000000000000000e+00,0.000000000000000000e+00,0.000000000000000000e+00,0.000000000000000000e+00,0.000000000000000000e+00,0.000000000000000000e+00,0.000000000000000000e+00,0.000000000000000000e+00,0.000000000000000000e+00,0.000000000000000000e+00,0.000000000000000000e+00,0.000000000000000000e+00,0.000000000000000000e+00,0.000000000000000000e+00,0.000000000000000000e+00,0.000000000000000000e+00,0.000000000000000000e+00
