-3.245728502257261630e-04,-7.716857350980583878e-05,-1.008919006426835404e-04,-4.782822809705576137e-06,1.077936746691724335e-03,4.709046879310963170e-03,-6.454707212465227162e-02,-2.892181680582390363e-02,-1.592047603468969320e-03,9.329228118579048880e-04,-1.569559143918199812e-02,1.739722460768446805e-02,-1.428256248698284159e-01,2.380065263843570378e+01,1.902828355481602340e+00,5.499391482960885869e-03,-3.709891535379285926e-02,-1.859174171035127363e-03,-3.045606569042942358e-01,-4.993612389258779772e-09,-5.148218356920656353e-09,-4.883839389377379016e-09
-1.822243478145530739e-04,-6.839785201265075542e-05,2.411235155071467240e-03,4.118981275508122575e-04,-1.767094086680059267e-02,3.564967845143722502e-02,-2.892306406959735954e-01,-3.529025426926429843e-01,-1.879263420470103987e-03,4.110385734714376398e-03,-3.418247745037992363e-02,3.835279449600429574e-02,-2.695850046784216136e-01,2.379789085131825743e+01,2.029559763227901659e+00,-5.325012684302610905e-02,3.631433502891040499e-02,-4.970122791215909885e-02,-4.571658499575434464e-01,4.723357848127183115e-09,3.181551163030877674e-07,-5.512318935626464573e-09
2.806531134659336004e-05,-5.417408242949281726e-05,3.908531009155329951e-03,7.748289263567268706e-04,-2.703623778960782473e-02,5.405289401309535530e-02,-4.037008880795610044e-01,-6.267466221241231317e-01,2.280577436060084520e-03,1.384975364679453397e-03,-1.515154855517913783e-02,1.869415749451406455e-02,-2.851357392479043074e-01,2.379644110379476274e+01,2.045120059342301566e+00,-3.831581785623375952e-02,4.941809449367306345e-02,-3.746179058735771544e-03,-3.588370746255045707e-01,-1.104824610882827511e-08,4.457715586346415411e-07,-6.555265541966570035e-09
4.902487563766837111e-04,-1.289177056785747308e-05,4.823066581303243373e-03,1.008616846464866889e-03,-3.328649837973437359e-02,6.003733591343697606e-02,-4.426049789099239518e-01,-7.495122224300215796e-01,5.867004270239149083e-03,-1.062661387555098374e-03,-3.077502105171064321e-05,4.245891952210815307e-03,-2.680284390740478306e-01,2.379536863476652542e+01,2.028243963349092738e+00,-5.432360931388017372e-02,8.541536422959647434e-02,-5.245369789013234682e-03,-2.989525157100151320e-01,-8.346822209584840998e-09,6.413510297631343697e-07,-1.260600984907732256e-08
1.139953766949730477e-03,5.573827188330968309e-05,5.601005839469642283e-03,1.259791409896360900e-03,-3.913609024919546125e-02,6.392886745090092804e-02,-4.736678178236310433e-01,-8.721718901453071604e-01,1.167699145149727127e-02,-5.954698374633550333e-03,2.368063575127349329e-02,-1.969298172896540022e-02,-2.687844665580442216e-01,2.379447972370404685e+01,2.029297440800054808e+00,-4.890824023792645497e-02,1.102231071029464438e-01,1.234677109034964908e-02,-2.357179673077636484e-01,-1.282827705732291806e-08,6.394561520421080733e-07,-2.900577374483409327e-08
2.391480848297035128e-03,2.110415214605339609e-04,5.729670462984157164e-03,1.341332656915687630e-03,-3.984959274715752647e-02,6.217086412175459875e-02,-4.560871314551016575e-01,-8.667146543927520819e-01,1.537587191085972027e-02,-8.374825374846045500e-03,3.156613641988285229e-02,-2.796238315781067810e-02,-3.143214966982283420e-01,2.379318450823259212e+01,2.074875692781423808e+00,-3.977835004338705488e-02,1.168758394801559380e-01,3.957982538728096328e-02,-1.758924033008396892e-01,-1.440824146891165573e-08,7.366173884896106024e-07,-4.326377513927520609e-08
3.879692422037883930e-03,4.334225162703876449e-04,5.999226058946722367e-03,1.436968426388568172e-03,-4.265468319718515589e-02,6.153577022999302121e-02,-4.540465723971984224e-01,-8.837451846156746393e-01,1.904755809119432902e-02,-1.076736955894561087e-02,4.014380144296376962e-02,-3.638386121975291376e-02,-3.422418410436316449e-01,2.379190884557528207e+01,2.102747010013495288e+00,-4.349007666488521884e-02,1.498108921326017640e-01,3.581232163954453651e-02,-1.454498621370977907e-01,-4.240379304099956168e-08,6.697759596475590821e-07,-5.945243514697338336e-08
5.229589823371385594e-03,6.916890203888915274e-04,6.135925801714185897e-03,1.483125607632530514e-03,-4.609062199475472826e-02,5.998596976561547389e-02,-4.571496608814341611e-01,-9.120368053083327542e-01,2.385715876020380599e-02,-1.467694446846965275e-02,5.677105656584519738e-02,-5.305890448245816071e-02,-3.666713834879408718e-01,2.379104674526903906e+01,2.127478911739909329e+00,-4.235649865797826152e-02,1.811768210971068938e-01,2.503704345515690710e-02,-1.230602106161584053e-01,-1.977401278365760409e-08,6.618186487037382119e-07,-6.355751230832560014e-08
6.668135101249418085e-03,1.055679831509904456e-03,5.931403397742498682e-03,1.425729965487987664e-03,-4.983769747087815616e-02,5.650287378612350864e-02,-4.656336061086639999e-01,-9.561207138915155390e-01,3.058948842942763729e-02,-2.137419336039196940e-02,8.741300804715240735e-02,-8.469094898412717065e-02,-3.950332966239812893e-01,2.379099401167193761e+01,2.155847180928870621e+00,-1.880169624842839213e-02,1.657967207983252478e-01,2.052152374398668808e-02,-1.079821428414877577e-01,-3.902799055869536886e-08,7.523545490014239364e-07,-5.700724910856674617e-08
7.507862059208243906e-03,1.337658878804769873e-03,5.688055805925089706e-03,1.349018853695156889e-03,-5.349714038558170404e-02,5.489107193955318487e-02,-4.607009966374212562e-01,-9.538795206825054773e-01,3.303272109677563018e-02,-2.536415459641368567e-02,9.554363760221606938e-02,-9.277919039341069041e-02,-4.156101485075891500e-01,2.379253210672169772e+01,2.176421033300302010e+00,-1.981567202838552602e-02,1.964096473621856909e-01,-4.799155083882536595e-03,-9.482269204811855090e-02,1.477433045883410441e-08,1.083435268057363513e-06,-3.917380618480432655e-08
8.982705936948377073e-03,1.946661832450712016e-03,5.600356626420918520e-03,1.294217987495627220e-03,-5.458059247013460208e-02,5.720133676693980179e-02,-4.518847917931301250e-01,-9.395577844015308155e-01,3.524415341754772585e-02,-2.753854198237694340e-02,8.903602385055303658e-02,-8.673102245344967154e-02,-4.830286129203456569e-01,2.379249112507108066e+01,2.243852557547640902e+00,-8.891704014700078235e-03,1.842339368106266362e-01,-5.025021065464452610e-03,-7.955944307731917242e-02,-5.039645652079857476e-09,9.861263798147881471e-07,-5.544241262505777262e-08
1.098417305312943126e-02,2.832512809456898782e-03,5.796740915600099089e-03,1.286989700068353433e-03,-5.722584504914984826e-02,6.190554857076971396e-02,-4.573737963105838911e-01,-9.522389060890927848e-01,3.882779411741561770e-02,-2.943824666167933063e-02,7.896626540407868100e-02,-7.758678912237811087e-02,-5.387068035201334482e-01,2.379082929338036223e+01,2.299601415447355190e+00,1.312252001768239237e-02,1.316180386276681602e-01,-1.858214459758139592e-02,-8.266180907375812736e-02,-3.120896312526507117e-09,1.035437830272197084e-06,-5.626199941588070403e-08
1.280743930476880774e-02,3.691826878374356805e-03,6.382446706000017081e-03,1.360823349869980364e-03,-6.259157013480666498e-02,6.453615018889344301e-02,-4.597101456665024788e-01,-9.604761020611354283e-01,4.135966950800912950e-02,-3.095484178028360539e-02,7.342358083047302586e-02,-7.300211155136521191e-02,-5.694027213452761416e-01,2.378981607318884528e+01,2.330048762010805241e+00,3.591220324464985264e-02,7.852048794787509778e-02,-5.647254586606555160e-02,-7.810099045365312409e-02,-4.583897316902345168e-08,8.685602169156840472e-07,-5.650555561921688181e-08
1.398261378821965759e-02,4.251211658118788164e-03,7.284815126462848046e-03,1.489032734485447014e-03,-6.991276989506782502e-02,6.850129920100023195e-02,-4.672288377131201820e-01,-9.796386698773147383e-01,4.501829640645300251e-02,-3.371060125562016369e-02,6.795956354951036837e-02,-6.830298878987550726e-02,-5.990495288129547014e-01,2.378895944282815123e+01,2.359731581836951086e+00,5.411102426476565447e-02,3.784278436429138609e-02,-1.000094535560742820e-01,-7.141199244002126301e-02,8.614960071118242038e-08,8.090624734475894055e-07,-3.961740900722195313e-08
1.460191098436713561e-02,4.531592078917349303e-03,8.336233197050641613e-03,1.639993482875585834e-03,-7.977105226554991046e-02,7.046567236360301578e-02,-4.642132709230914478e-01,-9.806350424157342927e-01,4.880890398876727015e-02,-3.760653757230229127e-02,6.608467622189286017e-02,-6.721769943691560667e-02,-6.162835702999884813e-01,2.378910278577042803e+01,2.376780140478528480e+00,7.288876739378745417e-02,1.269141758630747303e-02,-1.400541303134749116e-01,-3.576249152632783590e-02,2.076948973736784892e-07,8.483884582363322047e-07,-3.048486386628432268e-08
1.479867313454271555e-02,4.489244005863877833e-03,1.034299599987247541e-02,1.914255766542269236e-03,-9.889623664152777383e-02,7.355596255099416947e-02,-4.661668828651814311e-01,-9.912689211177464488e-01,5.641882812793632546e-02,-4.567332499010475638e-02,6.667722377277267298e-02,-6.844974744694599933e-02,-6.282271184985585011e-01,2.378959945938761322e+01,2.388683705335176821e+00,8.810089284218064476e-02,-1.371639969990940192e-02,-1.952794626191471095e-01,1.374121226429159126e-02,2.135100129810506867e-07,7.046316647188473005e-07,-3.127240675939023720e-08
1.433723766488976745e-02,4.181395747039517129e-03,1.333430158110763576e-02,2.299649880720632672e-03,-1.328179177109311826e-01,7.624988975982853467e-02,-4.724525193755357289e-01,-1.003001629444119081e+00,6.940253024286711925e-02,-6.238506883263300606e-02,7.075674765631558005e-02,-7.216809192484104074e-02,-6.034957754021700316e-01,2.379329399804740675e+01,2.363917597327261255e+00,7.950098145931926152e-02,7.758976657807199447e-05,-2.198301667261918779e-01,7.133678846502387871e-02,1.886385468939638600e-07,6.277852138538534531e-07,-4.102775115000855414e-08
1.326592990506828169e-02,3.948169884132196779e-03,1.521165295706886772e-02,2.567846023968324651e-03,-1.533194667685194301e-01,8.089121828405992920e-02,-5.060437015974076358e-01,-1.066732120893387092e+00,7.836311604629236927e-02,-7.464744323655365943e-02,8.711041418826183380e-02,-8.632313379874545500e-02,-5.478180125064279204e-01,2.379653611797034429e+01,2.308258309330880831e+00,2.719502185552539683e-02,8.691188233301537502e-02,-9.713847388806018390e-02,1.375363010947421027e-01,1.144303696905775327e-07,1.212544171570188560e-06,4.861865700369455421e-09
1.343931123822493696e-02,4.331721177492430658e-03,1.604423811914176129e-02,2.697311820740565767e-03,-1.594536895116296094e-01,8.384638847163390640e-02,-5.135146647781109186e-01,-1.079765456503119614e+00,8.119264648643173543e-02,-7.852141522729233492e-02,8.944634828859487907e-02,-8.743480452256922886e-02,-5.339899557799399066e-01,2.379757397577949973e+01,2.294486859498796161e+00,-1.941988303610843892e-03,1.111500064148085165e-01,1.267336668895608157e-03,1.920640338658623492e-01,3.350922258323664554e-07,1.495400781374573941e-06,-3.738506906397537168e-10
1.424937457349383964e-02,4.977633755662386368e-03,1.635783854330792250e-02,2.749727234311664242e-03,-1.618967010374967874e-01,8.495282548473316597e-02,-5.108111778764811151e-01,-1.077131260463377593e+00,8.214622643966376647e-02,-8.001805766943756448e-02,8.989646685401038451e-02,-8.700375654472272680e-02,-5.463779524129227516e-01,2.379813120982269936e+01,2.306808860304574438e+00,-2.290544491215868242e-02,9.729216726416001215e-02,3.723494758871693372e-02,2.148940135166038934e-01,5.431195348455744219e-07,1.847048764121056389e-06,-5.585159545826113254e-09
1.496456411449513871e-02,5.489077145899497537e-03,1.646313159908096083e-02,2.770392910221364854e-03,-1.632103515623941625e-01,8.582123928757155740e-02,-5.062652254961057530e-01,-1.073627587981653475e+00,8.304601131456314234e-02,-8.081737756319978816e-02,9.195151869763329433e-02,-8.830816188166909497e-02,-5.686540839500437983e-01,2.379805965120480238e+01,2.329074261457163342e+00,-4.077713018960137104e-02,7.791410863835318557e-02,4.239208029861429861e-02,2.309962268062007718e-01,1.544575614763739383e-07,1.507291214792893410e-06,-3.945448612788041691e-09
1.540239012498356014e-02,5.773008612227474926e-03,1.646704370989604191e-02,2.774586891043907821e-03,-1.644076661530222139e-01,8.685412874720012388e-02,-5.019475644632855893e-01,-1.071522068498494518e+00,8.421721821281467901e-02,-8.135896062792422057e-02,9.617360612859350566e-02,-9.171427499462754540e-02,-5.941048596746104637e-01,2.379747616855269854e+01,2.354512049627127013e+00,-6.019458685294368921e-02,6.291055178232066170e-02,2.992322673398458560e-02,2.509184911282031916e-01,3.597977229520128617e-07,1.701672956105318270e-06,-1.024048183260029382e-08
1.560359132480415925e-02,5.887067839263352559e-03,1.646580674838245273e-02,2.769569925003056293e-03,-1.654569060922519430e-01,8.805803422412877834e-02,-4.999969786545768735e-01,-1.070908214703118144e+00,8.550640626838630631e-02,-8.218283923974373240e-02,1.017384731265069675e-01,-9.605099044494151694e-02,-6.098783417927489126e-01,2.379712040364846359e+01,2.370284558431118516e+00,-8.942959464597707853e-02,5.455590270018991633e-02,1.848979314688567119e-02,2.763982788809503099e-01,3.581044814945254288e-07,1.894333959560232737e-06,-4.946103519176205530e-08
1.564248919174989969e-02,5.881088434471075897e-03,1.638879981088772753e-02,2.729455647728319320e-03,-1.663733877235391845e-01,8.919588727239508019e-02,-5.004673843528120170e-01,-1.070938770901662673e+00,8.689140301815991008e-02,-8.369075410682701166e-02,1.075830621692734079e-01,-1.002527008605681863e-01,-6.123688477078422787e-01,2.379745418454185213e+01,2.372774404163135120e+00,-1.285346021557260132e-01,5.078237328148428598e-02,1.222652198846546634e-02,3.059911961027191873e-01,2.626629836916420189e-07,1.749104122792607516e-06,-8.822998707812793256e-08
1.560094127196861614e-02,5.815164623090434554e-03,1.564861410357802629e-02,2.549770980420563993e-03,-1.673087044748355900e-01,8.775879221397472896e-02,-5.023083717295983019e-01,-1.071071133233592931e+00,8.704667413067834758e-02,-8.473171421521460966e-02,1.127324196203545736e-01,-1.050672025958983985e-01,-6.052584518619326115e-01,2.379838655435446526e+01,2.365675650715450384e+00,-1.364947499978537426e-01,4.939969706105205860e-02,-8.004783761232934017e-03,3.005613354558894779e-01,2.135005759405605194e-07,1.901043288559913763e-06,-7.228371647687409925e-08
1.551670474975507148e-02,5.727931886436003067e-03,1.472376643465724347e-02,2.334946297124034648e-03,-1.678328006112137782e-01,8.599656675175912368e-02,-5.028398631104322725e-01,-1.071097122792467715e+00,8.640724481036357596e-02,-8.488472339146375945e-02,1.145558170933745068e-01,-1.084620013913303593e-01,-6.016669566187959894e-01,2.379901276972183766e+01,2.362121973079276849e+00,-9.909268074355716271e-02,5.016385941113413183e-02,-3.372219217201223584e-02,2.729852631923500583e-01,2.488498529472428219e-07,1.905495126370339650e-06,-1.369640556931157804e-07
1.542665551596045063e-02,5.650161111660965095e-03,1.412809123975802827e-02,2.179359997497504805e-03,-1.680245636110162255e-01,8.682781890108855205e-02,-5.024900533139141645e-01,-1.071089166831613815e+00,8.664953497272934180e-02,-8.491275624900873620e-02,1.148758220829142335e-01,-1.109989199922917502e-01,-6.012616025655355134e-01,2.379872539914938301e+01,2.361421303907201175e+00,-4.633119250995682004e-02,5.213291588617157551e-02,-4.890805908138265434e-02,2.632436273753873124e-01,2.188939139980928328e-07,1.908590906566328423e-06,-1.479545038600408595e-07
1.538446483926409099e-02,5.612147655663984533e-03,1.357406714299558802e-02,2.040287581548427473e-03,-1.681456089472015691e-01,8.764650097378767768e-02,-5.023453246276372575e-01,-1.071086229129339484e+00,8.695961461198384312e-02,-8.359968138779123870e-02,1.146150874488416349e-01,-1.139111037398580079e-01,-6.005702401023005343e-01,2.379752262445153832e+01,2.360705150420630005e+00,2.918056768502457279e-02,5.299373809374868793e-02,-6.827652441369902458e-02,2.635716077003158464e-01,2.506708204842525648e-07,1.940922258979209451e-06,-1.219036101009832604e-07
1.537943230698563327e-02,5.593719812928246021e-03,1.323705288000185526e-02,1.960452681717173278e-03,-1.683184360464549112e-01,8.827588676599522344e-02,-5.024160201789908964e-01,-1.071087825913151548e+00,8.746589160356096904e-02,-8.216484645468460912e-02,1.137225375119243348e-01,-1.142147742684836570e-01,-6.011854771889271198e-01,2.379565034278999391e+01,2.361321395145762114e+00,5.764726480659308067e-02,5.227073960004318537e-02,-8.086587077140014457e-02,2.731334014294871104e-01,1.154116346586783339e-07,1.820667487227441370e-06,-1.138350119674213431e-07
1.536293274079249781e-02,5.563239370534507795e-03,1.305227717105667158e-02,1.920665532422223499e-03,-1.685142432416763258e-01,8.885084884418270601e-02,-5.025289680047135832e-01,-1.071089838158661545e+00,8.800662995293476176e-02,-8.115201592071270842e-02,1.132716037054573854e-01,-1.138477641026147819e-01,-6.018171117690562788e-01,2.379410877983296047e+01,2.361931264292233212e+00,5.964340671676315875e-02,5.174004484685831851e-02,-8.950248530322134355e-02,2.839270351020428129e-01,1.383092043910170603e-07,1.761962649860200032e-06,-1.221013952425013434e-07
1.532392247371187899e-02,5.512306049485293270e-03,1.297189479637974804e-02,1.904599754312005962e-03,-1.686791012108892485e-01,8.917748534174488317e-02,-5.025452727366619410e-01,-1.071090399108967306e+00,8.835825173571920654e-02,-8.033906078036753828e-02,1.134929570722775227e-01,-1.136923037469854819e-01,-6.015852515789911203e-01,2.379291043169327935e+01,2.361720979014957589e+00,5.067541734204478177e-02,5.175894495873031853e-02,-9.476577079556118555e-02,2.899292381365942695e-01,1.442996418841725724e-07,1.697031334389063374e-06,-1.430125547853602219e-07
1.527020573339061757e-02,5.448930755881158279e-03,1.297021242918816077e-02,1.904462454944427395e-03,-1.687062182026852208e-01,8.911126021453601165e-02,-5.024743594975517036e-01,-1.071088544811406695e+00,8.835238276105682187e-02,-7.969238326996311295e-02,1.142970396159969787e-01,-1.137526795726687828e-01,-6.007912887880069164e-01,2.379229180279992306e+01,2.360890554631497107e+00,3.299178263032546965e-02,5.219010009917515042e-02,-9.578145741806737279e-02,2.877630036998087837e-01,2.109666808157686597e-07,1.826500391431541733e-06,-7.116979259557681191e-08
1.521012247706902271e-02,5.380500533916865447e-03,1.299297837841272008e-02,1.910135383968311878e-03,-1.685569445362594954e-01,8.897191240728882788e-02,-5.024056945803174745e-01,-1.071086329012570060e+00,8.819293860021108766e-02,-7.928697103975355931e-02,1.151751085562330301e-01,-1.138258176867338878e-01,-6.001710881762734040e-01,2.379224373676482429e+01,2.360110198640404278e+00,1.384199011936621503e-02,5.284664978587122475e-02,-9.482079740135322676e-02,2.834701703676861251e-01,2.050961253957458392e-07,1.767988053890186122e-06,5.937713841712709291e-08
1.514848063262455233e-02,5.311651909662925414e-03,1.300950075584125093e-02,1.916806883140268012e-03,-1.682636610309732328e-01,8.911857105288742420e-02,-5.022838501550336288e-01,-1.071083080384695352e+00,8.814279671159087892e-02,-7.923746503032794153e-02,1.155652497199297635e-01,-1.137118611816216041e-01,-6.005787314878220373e-01,2.379249881148847123e+01,2.360403161401046113e+00,1.858232225332355015e-03,5.364412467688152442e-02,-9.496063773375224004e-02,2.853775176176385764e-01,4.772269613723037299e-07,1.935051704545666718e-06,4.148197615017777632e-08
1.508300488282746793e-02,5.239262595024616991e-03,1.301515263211424495e-02,1.921780812555627486e-03,-1.678423046677716413e-01,8.979086651672393837e-02,-5.020984078968065978e-01,-1.071078350020622461e+00,8.835518588834453957e-02,-7.961780752104427594e-02,1.150340439761424055e-01,-1.132572541282541034e-01,-6.023378987896016445e-01,2.379262713668417462e+01,2.362085676226437947e+00,3.687362728776396020e-03,5.455158806352059658e-02,-9.789916590758282466e-02,2.985388581782640882e-01,5.947055480860645890e-07,1.914305428319354535e-06,-3.161872694053183751e-08
1.502191830162054147e-02,5.172589826224462985e-03,1.298534690364814073e-02,1.920420159584876286e-03,-1.674252151508052733e-01,9.097947138873961614e-02,-5.020343760689712775e-01,-1.071076720352595490e+00,8.891302648330487446e-02,-8.043457910378611075e-02,1.137191745257469938e-01,-1.125343124299210407e-01,-6.048375064838035220e-01,2.379298668181258591e+01,2.364405732305524754e+00,1.777578089092211183e-02,5.546601477248037926e-02,-1.032271513539027991e-01,3.212230649082970513e-01,5.350151285588300841e-07,1.893547235089478536e-06,-1.066881522129413344e-07
1.496636446234397150e-02,5.111638562072686083e-03,1.290491835900370830e-02,1.910399377860103791e-03,-1.670624769979911772e-01,9.230695735973543092e-02,-5.020894599525236313e-01,-1.071078020375373363e+00,8.956204105345544342e-02,-8.136951070683327847e-02,1.120803210831329277e-01,-1.116460363526301236e-01,-6.066518556884183955e-01,2.379329510423066552e+01,2.366117659161060871e+00,3.562617530527231041e-02,5.630459921073561330e-02,-1.095714751164016953e-01,3.466741693677309888e-01,4.816361625431313606e-07,1.846629412917313386e-06,-3.277457458569933965e-07
1.492005327990953735e-02,5.059352425197838343e-03,1.279793890342976158e-02,1.894354803250774492e-03,-1.668021836216892206e-01,9.356884474241237981e-02,-5.021540955747250123e-01,-1.071081194542111259e+00,9.021575967976953880e-02,-8.233360131972830565e-02,1.105188948669649368e-01,-1.107312944088785223e-01,-6.077918493238348985e-01,2.379364612607279028e+01,2.367191309670117594e+00,5.101327696416652763e-02,5.696403473891674396e-02,-1.159422934324530197e-01,3.699889921578346508e-01,5.524440449445555506e-07,1.796544722920947049e-06,-2.991514272286521140e-07
1.488191478227020130e-02,5.013970149294453942e-03,1.270161458498547495e-02,1.876262483292930484e-03,-1.666257777750428937e-01,9.442928099237882233e-02,-5.022066349898046678e-01,-1.071085692768228181e+00,9.063943664858710447e-02,-8.307226649886800818e-02,1.095106434157214342e-01,-1.100364696582160629e-01,-6.084323185424013181e-01,2.379398256756896401e+01,2.367834606938342912e+00,5.847288451381917052e-02,5.741899773945496888e-02,-1.199900490206700504e-01,3.855408313362393424e-01,5.809547764078573602e-07,1.928887158856853947e-06,-3.025380402542860589e-07
1.485027400729684900e-02,4.974934529192208583e-03,1.262446942379410499e-02,1.856181999759055424e-03,-1.664541427382019712e-01,9.488755845454474591e-02,-5.023118559344778022e-01,-1.071093313512388567e+00,9.076846584700326570e-02,-8.353721743413329570e-02,1.090807522896287407e-01,-1.095776950545590267e-01,-6.086999473264869120e-01,2.379431231155247417e+01,2.368154941007918346e+00,5.778691615794789849e-02,5.774810149861338976e-02,-1.207547241678509770e-01,3.929474706678571239e-01,6.468394711747644176e-07,1.881101942482639512e-06,-3.070816473168148463e-07
1.482432807878171152e-02,4.941740647621851133e-03,1.257033597701720171e-02,1.835437608096808677e-03,-1.662534164329839970e-01,9.502074576146334051e-02,-5.024461641543067625e-01,-1.071100471286915878e+00,9.065161208887893840e-02,-8.371887973424314844e-02,1.091332893386942476e-01,-1.093591530703888204e-01,-6.086813519353255764e-01,2.379470011905935678e+01,2.368554714067268474e+00,5.132425371722500185e-02,5.796585141999710533e-02,-1.188929824841754301e-01,3.949888760530951282e-01,6.077572145958193228e-07,1.823284716720545319e-06,-3.435872454632968269e-07
1.480044688897211476e-02,4.909518852789778766e-03,1.251282899918588695e-02,1.808348638464045725e-03,-1.659250212922899759e-01,9.499711410795860789e-02,-5.027056597200971755e-01,-1.071116277403344696e+00,9.033245445069751356e-02,-8.370965231939708762e-02,1.096333405719569498e-01,-1.093409183210726776e-01,-6.086385595369259160e-01,2.379508533264594661e+01,2.368386547461985181e+00,3.898712917673081285e-02,5.810325674285042596e-02,-1.147328653169205903e-01,3.929858399724203144e-01,6.617313578980092786e-07,1.899544967410473589e-06,-4.151759442794001110e-07
1.478109789948292736e-02,4.883513208912363887e-03,1.244991230083538312e-02,1.781480629366231222e-03,-1.655478699331137671e-01,9.495440031521472368e-02,-5.030051136138998791e-01,-1.071139702519567027e+00,8.999077726358634122e-02,-8.358313559879054777e-02,1.103868341872380060e-01,-1.094241169536538383e-01,-6.088367029364536442e-01,2.379532239800669657e+01,2.368413382507267961e+00,2.304209260782708046e-02,5.822909504864117597e-02,-1.098241338649833393e-01,3.902416162653168930e-01,6.512181855304554531e-07,1.939403945696521789e-06,-3.941892345517998637e-07
1.476180746546155130e-02,4.858341444105082965e-03,1.238938819482120549e-02,1.753743128338932028e-03,-1.650182571641548579e-01,9.486202488117086162e-02,-5.032522509732485494e-01,-1.071161212764407900e+00,8.952141687436508677e-02,-8.327133379414304593e-02,1.113494287851248266e-01,-1.095653642846650816e-01,-6.088175039766663410e-01,2.379545907753029255e+01,2.368444249162306114e+00,3.496287717702703957e-03,5.838132676122877174e-02,-1.047288746568482143e-01,3.881194614608965976e-01,6.307667509765417893e-07,1.756727606078452436e-06,-3.581575669402004675e-07
1.474291269456391197e-02,4.835129044509541528e-03,1.233888844680051076e-02,1.730222002892785197e-03,-1.643452913714091024e-01,9.484799194695658908e-02,-5.032885967313911468e-01,-1.071160833418116631e+00,8.902371721030491458e-02,-8.285659436778942954e-02,1.123597705104311395e-01,-1.095720351042890339e-01,-6.087477175588928979e-01,2.379558657096281493e+01,2.368368967025100247e+00,-2.038877360460511490e-02,5.859727887740653895e-02,-9.968829786266289461e-02,3.874205936301262643e-01,6.040662239390228883e-07,1.555743101275964557e-06,-2.348327856107977712e-07
1.472123702493353080e-02,4.811761617191986223e-03,1.231587495690129354e-02,1.715632085128343965e-03,-1.634951052089762269e-01,9.497031263904882892e-02,-5.029803042040064120e-01,-1.071111895372554912e+00,8.851345196563707718e-02,-8.235466890277104435e-02,1.132777352998764892e-01,-1.093057840658053642e-01,-6.085214507394394179e-01,2.379579178730136135e+01,2.368422218091439824e+00,-4.857070933403558749e-02,5.899087311823809909e-02,-9.516275644441843373e-02,3.893239742077976295e-01,6.076485810755430099e-07,1.489178032400816420e-06,-2.503764174431540015e-07
1.469686893034786133e-02,4.790792373468855114e-03,1.236440554660833517e-02,1.719693800341176582e-03,-1.623311122262629524e-01,9.528324327384297965e-02,-5.020598710086058292e-01,-1.070947458898956484e+00,8.792578363628811289e-02,-8.170619587465152711e-02,1.139037922179508416e-01,-1.085862633855781134e-01,-6.078044520036171017e-01,2.379584898896520073e+01,2.368026253216128030e+00,-8.059813659297682120e-02,5.965680349329043064e-02,-9.163730278799314677e-02,3.948024669621473803e-01,6.226135598070401089e-07,1.468942117080685209e-06,-2.703498938740135584e-07
1.466544940473906398e-02,4.770188133934523053e-03,1.250010713169562131e-02,1.750639319374613576e-03,-1.609594133499162860e-01,9.600148931741629699e-02,-5.003840480320441708e-01,-1.070616884709998828e+00,8.750120631770694213e-02,-8.112796425502752373e-02,1.139872695135105835e-01,-1.071460172811120881e-01,-6.070817142995312832e-01,2.379589722468064750e+01,2.367349628034157050e+00,-1.168659127018832761e-01,6.077569282457261080e-02,-8.921458372792241687e-02,4.039392721683575660e-01,5.061144337526713169e-07,1.595754509294633082e-06,-2.847727129289070122e-07
1.462088315111877146e-02,4.748647500573564308e-03,1.285413500569168588e-02,1.835144147679410942e-03,-1.590845914604965827e-01,9.734301121462202167e-02,-4.978157129842756268e-01,-1.070044525772586574e+00,8.719017365810280418e-02,-8.053412737036363955e-02,1.134515579675330205e-01,-1.049301752521620557e-01,-6.066110288108518267e-01,2.379584062411253953e+01,2.366879543041406464e+00,-1.568412483367823684e-01,6.267710160593525925e-02,-8.792089601076837069e-02,4.162788406829818766e-01,5.423893428996236053e-07,1.760804787881626664e-06,-1.135156037152669251e-07
1.456536037907273096e-02,4.730601234508704199e-03,1.309454292018759347e-02,1.902659723518873840e-03,-1.576655601223938274e-01,9.818712599227828741e-02,-4.971997184855545537e-01,-1.069947453758243183e+00,8.688716243608204937e-02,-7.984259161791018578e-02,1.141679588584012112e-01,-1.044037504090949975e-01,-6.074522579972465586e-01,2.379568279908230721e+01,2.367720618825467138e+00,-1.864118690901861164e-01,6.540926022483861679e-02,-9.127341349425691086e-02,4.267195066913719304e-01,6.648552932527552775e-07,1.825748303660995434e-06,-7.128475124673931062e-08
1.452791580674806481e-02,4.744495888332469699e-03,1.309327821962385542e-02,1.923217775473825631e-03,-1.567563745005513265e-01,9.785350240708409753e-02,-4.992944459862457829e-01,-1.070688909561629876e+00,8.617091572156683477e-02,-7.880397849976229774e-02,1.165956020762974055e-01,-1.067813950611250506e-01,-6.096976275545232804e-01,2.379537011227888144e+01,2.369965871559373216e+00,-1.876007419129204212e-01,6.837683157498244957e-02,-1.040707911138360753e-01,4.293222600700312697e-01,5.708398395670163419e-07,1.840855633550224472e-06,-8.153278089467898954e-08
1.451262092188552837e-02,4.800073258107381141e-03,1.315142616024800835e-02,1.966906243825913055e-03,-1.558338665527548572e-01,9.767531650144102573e-02,-5.014122607155516720e-01,-1.071554024281056838e+00,8.564471937207432384e-02,-7.792606570798288335e-02,1.188149163570047240e-01,-1.091670780037324179e-01,-6.120754432314041704e-01,2.379498767748384580e+01,2.372344636645469240e+00,-1.836377180678082366e-01,7.174550552619432531e-02,-1.195165772395247461e-01,4.346404153289369354e-01,6.367405249378161562e-07,1.780005717963470957e-06,-9.346890734714005030e-08
1.446628456771829017e-02,4.834686975157931332e-03,1.330459369344207284e-02,2.044038485906326218e-03,-1.549439041418007035e-01,9.822150921313858862e-02,-5.012530618991533071e-01,-1.071482842893764165e+00,8.562501513708180301e-02,-7.762109900592142897e-02,1.191793452692323646e-01,-1.092759149142340791e-01,-6.128758952648397651e-01,2.379474965576501688e+01,2.373142499784622661e+00,-1.897220796724919389e-01,7.626689529380871468e-02,-1.347898560077519514e-01,4.427288043893527480e-01,3.672357412809820115e-07,1.551664614920743734e-06,-5.040481819031724079e-08
1.446006183795713398e-02,4.954575343377538334e-03,1.366756997678945929e-02,2.230530850467203705e-03,-1.533192505378076220e-01,9.942166299045507305e-02,-4.985450972627829547e-01,-1.069852732848860510e+00,8.560561388705104080e-02,-7.723399209837281121e-02,1.178854961478446040e-01,-1.075816312137679170e-01,-6.127411909021606151e-01,2.379445965563989418e+01,2.373006897943932270e+00,-1.992541821954397496e-01,8.210713249050338725e-02,-1.511578533541154401e-01,4.494083157836745723e-01,3.490394677376354454e-07,1.393150579576793055e-06,-6.607610288809955461e-08
1.459248233735194709e-02,5.283733534098349408e-03,1.446863728581952897e-02,2.650954108729527189e-03,-1.501545531901978259e-01,1.020426560222211509e-01,-4.906130137267435409e-01,-1.064612427478991208e+00,8.552932285333127160e-02,-7.668116114110343218e-02,1.131038106469636761e-01,-1.026231452157252977e-01,-6.123365821058169844e-01,2.379401870391439644e+01,2.372602558952585206e+00,-2.034565626086024537e-01,8.872961902000921219e-02,-1.692024396888918147e-01,4.545757955396962924e-01,3.215622413410933967e-07,1.323777838514344245e-06,-4.807147496312600551e-08
1.487292115703270877e-02,5.798173156056756275e-03,1.564241534164403230e-02,3.243658458597168011e-03,-1.461006239964473541e-01,1.061605137437309498e-01,-4.786696326868937201e-01,-1.056471695088061047e+00,8.583029014419017722e-02,-7.652482458518018726e-02,1.052484017825461582e-01,-9.520725447188012336e-02,-6.131237778968864349e-01,2.379347783929859617e+01,2.373390079035490707e+00,-1.930030974190676263e-01,9.484473996421589892e-02,-1.874836622919080764e-01,4.639009151573602607e-01,1.624983032401619425e-07,1.137850112823570582e-06,-6.292735484399812610e-08
1.539000684038218346e-02,6.579247918697014169e-03,1.705218531323020661e-02,3.915345412715418895e-03,-1.418763798586820946e-01,1.113315525422722135e-01,-4.657163320453056587e-01,-1.047743494269851361e+00,8.692216018729814753e-02,-7.716939557037436059e-02,9.596838231427178012e-02,-8.711507154070785575e-02,-6.154779503714649103e-01,2.379283642192571335e+01,2.375744137850404059e+00,-1.647348635781605841e-01,9.903724811308355080e-02,-2.038143367439793630e-01,4.840523847018058934e-01,1.435199285293450423e-07,1.384115771734048646e-06,-5.902943625518864554e-08
1.616247650003623665e-02,7.623829915171080780e-03,1.824192771863545476e-02,4.482195841385335118e-03,-1.385658735247546069e-01,1.158940656632915095e-01,-4.562813496673710500e-01,-1.041938026151081553e+00,8.872977201835709204e-02,-7.857750277914966885e-02,8.791664547037685018e-02,-8.077964468670356668e-02,-6.178727232439640282e-01,2.379220581637954623e+01,2.378133978609276777e+00,-1.239019869339709062e-01,1.006713932418800694e-01,-2.184275301743619224e-01,5.149513623839058196e-01,3.353638539851712036e-08,1.409882652112679954e-06,-1.192633760952583457e-07
1.723498379605649736e-02,8.952636208476694168e-03,1.906448922103981189e-02,4.915024277553316744e-03,-1.362438515110528936e-01,1.192685582245217868e-01,-4.514161157371690547e-01,-1.040387765385092589e+00,9.127328765711441305e-02,-8.069931811087394102e-02,8.137103859680705487e-02,-7.634987863346684445e-02,-6.181630451418460570e-01,2.379159599496127342e+01,2.378418311423799114e+00,-7.356998140006366926e-02,9.873396216215894750e-02,-2.334878989599720178e-01,5.543453591220098842e-01,1.037533036870751725e-08,1.292766724613442360e-06,-1.320935500635136277e-07
1.858704799400272625e-02,1.046768268094205694e-02,1.955815976717133892e-02,5.260184364867818464e-03,-1.347094802254850121e-01,1.224886068784194204e-01,-4.479597963234443481e-01,-1.041048289969038754e+00,9.490445830906509006e-02,-8.384946877802063048e-02,7.434780476111618741e-02,-7.210557330016349742e-02,-6.156941929961149418e-01,2.379104844657488371e+01,2.375940070643285829e+00,-7.462558735124132786e-03,9.010537182755307128e-02,-2.547707663930726119e-01,6.054725111790435488e-01,5.198058728554456536e-08,1.127907299164256565e-06,-1.618941491863556574e-07
2.010860122920587328e-02,1.205946586472171102e-02,1.948677038706833273e-02,5.476112754931790685e-03,-1.343652856246814187e-01,1.267559123231754292e-01,-4.417024652340007518e-01,-1.039778893438588758e+00,9.992371899654579892e-02,-8.841047681408154002e-02,6.542679416385252522e-02,-6.580332894927384824e-02,-6.142001663842131531e-01,2.379073739568817913e+01,2.374444268221179044e+00,5.483601399766332291e-02,7.734706428247091481e-02,-2.862370193806882401e-01,6.616412846183877816e-01,4.991856617384919039e-08,9.578892922313008577e-07,-1.603524843237704702e-07
2.169075587861865259e-02,1.365959545898836648e-02,1.909613077412472895e-02,5.627194194699095681e-03,-1.349043699862525758e-01,1.313363088465627770e-01,-4.338589768454242934e-01,-1.037523061457012785e+00,1.060734021056998211e-01,-9.440005783873335610e-02,5.511339946828448105e-02,-5.729552984220854378e-02,-6.125088131458917839e-01,2.379075976527026270e+01,2.372759546743347769e+00,9.779064202384932236e-02,6.562054488355820170e-02,-3.229212593290123889e-01,7.171523928654579549e-01,3.035834855156671717e-08,8.474380571073548776e-07,-1.749062640901853410e-07
2.334911543598899505e-02,1.527194241762187127e-02,1.855810915985764767e-02,5.820627977196272777e-03,-1.360775808080621485e-01,1.354183739701406985e-01,-4.254471757066803916e-01,-1.035546811572117143e+00,1.141035744060852203e-01,-1.026937821670633882e-01,4.190356229898611895e-02,-4.537494885693828944e-02,-6.065333989697559991e-01,2.379113019854358413e+01,2.366825725886790188e+00,1.284699457915276788e-01,5.526082531441268986e-02,-3.612802283288872318e-01,7.736322690208973230e-01,1.596666372795340841e-07,9.090492425327199917e-07,-3.124086143650637667e-07
2.511585057748087768e-02,1.690743470350641875e-02,1.800053944467486927e-02,6.136959666845933498e-03,-1.378936770385546240e-01,1.387862996499779344e-01,-4.157183734063806813e-01,-1.032674262959568878e+00,1.250118898091961417e-01,-1.142986990163611521e-01,2.376470912661021728e-02,-2.818625127811876657e-02,-5.945306558918730389e-01,2.379195116901529516e+01,2.354825646715576593e+00,1.510770850941356158e-01,4.614277892816791293e-02,-3.991807987392260726e-01,8.281182675169282970e-01,2.343379607600612231e-07,8.503829766387461867e-07,-3.956802571473365498e-07
2.694612297988715349e-02,1.850224574855119375e-02,1.754039624924969357e-02,6.569732602935683154e-03,-1.403221703071995674e-01,1.411085361745950395e-01,-4.045337136415590451e-01,-1.027642760433408853e+00,1.393994836081864641e-01,-1.297930757798828327e-01,-1.357559066403345215e-04,-4.972306436040616062e-03,-5.753192314448410949e-01,2.379317083372662367e+01,2.335615571228176091e+00,1.673963305171574656e-01,3.821787068806215687e-02,-4.340709402367175507e-01,8.750916511370009365e-01,3.415707169771308128e-07,6.367858499418605126e-07,-6.542332756734922258e-07
2.885258505958617631e-02,2.004533612358625969e-02,1.709040856053605298e-02,6.962420874073724404e-03,-1.436082242040342682e-01,1.429770800760589156e-01,-3.904641988990249502e-01,-1.017974289517290964e+00,1.576082403129721865e-01,-1.493448241990490699e-01,-2.961111483160766208e-02,2.399805176577105362e-02,-5.503284497329359315e-01,2.379460045111618172e+01,2.310589789161033192e+00,1.793876909591920477e-01,3.104884674465519662e-02,-4.645560678486658768e-01,9.114579566735324656e-01,4.347044346718813424e-07,7.159129254584494679e-07,-8.102531289420944066e-07
3.083810477354415394e-02,2.151989364063498777e-02,1.639945534075381434e-02,7.083385522672777657e-03,-1.482824768703928653e-01,1.457086182649712514e-01,-3.709862364208690866e-01,-1.000857364234853053e+00,1.795709104079180607e-01,-1.725959077215949711e-01,-6.349487167176004476e-02,5.746908621286595659e-02,-5.230953581966996113e-01,2.379598068277328693e+01,2.283351732709839155e+00,1.892707617036960555e-01,2.396419287094534237e-02,-4.910790275392067361e-01,9.391616969790040903e-01,1.784653450560045854e-06,-2.767591336074200402e-06,5.318464343677935443e-06
3.285045107593890373e-02,2.293437203519028272e-02,1.492327200369015019e-02,6.696462925533728031e-03,-1.561564502900503748e-01,1.505915221305884344e-01,-3.422850741784632667e-01,-9.736075389380712819e-01,2.065377988108417495e-01,-2.009764915523612472e-01,-1.012046574365566415e-01,9.492719726296962313e-02,-4.940227848760883056e-01,2.379728756901371867e+01,2.253922144318513343e+00,1.979983050985741899e-01,1.724202309491573368e-02,-5.137340127331728734e-01,9.610495482535856837e-01,6.299845535063207380e-04,-3.525865857007602459e-04,4.162748925269060124e-04
3.500522933899180567e-02,2.424075374938378796e-02,1.314883525706782470e-02,5.804206079459395783e-03,-1.650595419269100528e-01,1.575889364621677335e-01,-3.062198621897090911e-01,-9.376984585326176846e-01,2.334064577702769927e-01,-2.285471374455911031e-01,-1.387838343780692096e-01,1.321649662910717449e-01,-4.696035335905597852e-01,2.379805477385373891e+01,2.229513294348890451e+00,2.061136329443313264e-01,9.366958203386600845e-03,-5.338738287344823030e-01,9.781624252594576241e-01,5.878163335089781494e-04,-3.554847129369842831e-04,4.490624098454501847e-04
3.720712963357188097e-02,2.543502182067820111e-02,1.110730567352533407e-02,4.481795360584297019e-03,-1.760765212415978664e-01,1.655805603879473009e-01,-2.619892631804393024e-01,-8.935991058470657000e-01,2.609417654783408036e-01,-2.566228757554889772e-01,-1.765545623467075220e-01,1.696686947701685211e-01,-4.452456943389650479e-01,2.379865022551746634e+01,2.205097288421336010e+00,2.124044377212657708e-01,2.899587856206350955e-03,-5.479738014270788549e-01,9.870381667042507079e-01,5.505299376313061615e-04,-4.068816410113144997e-04,4.588645623229927655e-04
2.828631435051352783e-02,2.989980551576478310e-02,3.896916601982154671e-02,1.180066941194357968e-02,-1.899466984635640454e-01,1.752445507393207702e-02,-2.439026693487172659e-01,-7.689746909406871556e-01,3.658136438476831120e-01,-3.600259942575145256e-01,-3.010181446568532260e-01,2.955794033465188875e-01,-4.667983490082987519e-01,2.382951624386993217e+01,2.194287674269338684e+00,2.336276077315168342e-01,-1.720601995513656654e-02,-5.780555303797374478e-01,1.098830565586424113e+00,-8.000304489479295733e-02,-1.031956144088945482e-02,3.773631314236886025e-02
3.050328275901377159e-02,3.076073356302646070e-02,3.725070806231044890e-02,9.743141277197230748e-03,-2.053858122166059286e-01,2.103160608818468308e-02,-1.849943514900332930e-01,-7.111047167876167752e-01,3.931890138797983769e-01,-3.890388975807295702e-01,-3.387947062909980600e-01,3.336208170901910353e-01,-4.254737282143830068e-01,2.383091958970199187e+01,2.152636456693949096e+00,2.282055881118628393e-01,-1.826858193983598583e-02,-5.923758881633410800e-01,1.066406088320987156e+00,-8.021897329591506920e-02,1.222771364393006321e-03,3.456980791894975757e-02
3.270584171952355124e-02,3.081268238379501062e-02,3.615094361894866104e-02,-3.350327938277677942e-03,-2.230071636572994731e-01,2.403472915043289304e-02,-1.110036638350710425e-01,-6.477863091564327602e-01,4.222210735644769120e-01,-4.208659614863972664e-01,-3.828248133700361544e-01,3.780933272408060208e-01,-3.752172000880854563e-01,2.383555189095717708e+01,2.101879870561993879e+00,2.228652403310457664e-01,-2.272176609721922660e-02,-5.727885478950821563e-01,1.020986158203332383e+00,-9.835383947910311675e-02,1.691649814145803656e-03,6.146558523349383157e-02
3.458864853407107864e-02,3.138481612723569708e-02,3.685134641293030811e-02,-4.945821116761869689e-03,-2.400013984983948023e-01,1.984705439831225063e-02,-3.674740167741515073e-02,-5.879541099698962769e-01,4.441387863548554860e-01,-4.459711940320477686e-01,-4.216495182103776052e-01,4.174430644773297616e-01,-3.076157887186866113e-01,2.383855112476002702e+01,2.034385396387172307e+00,2.107242780327012177e-01,-2.204901598954686626e-02,-5.328051402688377403e-01,9.436760894104599950e-01,-9.898170937775195577e-02,1.837588596374930801e-03,5.336202242333984436e-02
3.621594518906289667e-02,3.180691230003458020e-02,3.810821822582329682e-02,-6.260405574488276531e-03,-2.551034340746459739e-01,1.241195257898115335e-02,3.408701811574255114e-02,-5.387444849557301296e-01,4.598267064111293823e-01,-4.648151588332957718e-01,-4.530896329704688363e-01,4.495902869431871451e-01,-2.360283218165136476e-01,2.384160757848464129e+01,1.962804836640967832e+00,1.939065833179491882e-01,-2.297627995488847261e-02,-4.809608518643895270e-01,8.506151980857304951e-01,-9.843511355875408930e-02,2.064370352285879121e-03,4.499100871696370962e-02
3.814331909380869190e-02,3.199126199715583013e-02,3.874991404036059323e-02,-7.904807219733229681e-03,-2.681837724776457987e-01,1.492756168832094603e-03,9.752000379376055128e-02,-5.025275672800066928e-01,4.684116630796058556e-01,-4.771213623085380773e-01,-4.749460009328024257e-01,4.720814683969261627e-01,-1.612075475057668239e-01,2.384439578046938379e+01,1.888171646340601084e+00,1.713739251484986126e-01,-2.485791531341903157e-02,-4.188910949900662706e-01,7.464924808762316566e-01,-9.868188778700806574e-02,4.389385665477599230e-04,3.969662068772340097e-02
3.923889541906459832e-02,3.218207322328607567e-02,4.071171435579679088e-02,-8.219238930321365322e-03,-2.767623209373319404e-01,-1.374525579965258856e-02,1.456069470430653434e-01,-4.813370339780825846e-01,4.725025362756574143e-01,-4.836264672969268208e-01,-4.903934420028542851e-01,4.888509581302476481e-01,-9.052046751908598976e-02,2.384662655784013907e+01,1.817481275344843938e+00,1.397794867527116791e-01,-2.741227942532597703e-02,-3.455850487167850260e-01,6.284190690900999243e-01,-9.819117288524237264e-02,5.187688039155176692e-04,3.212681361058658536e-02
4.009830169369354297e-02,3.231005323645789323e-02,4.238095606986953118e-02,-8.152403067562968147e-03,-2.812079678656199677e-01,-3.211561059170286309e-02,1.720438642550124186e-01,-4.727987575083734129e-01,4.725662030042538375e-01,-4.853713828268805264e-01,-4.982770566317584748e-01,4.989725679179370377e-01,-2.525828467895050236e-02,2.384818826292153915e+01,1.752280811395214632e+00,8.738415527647971914e-02,-3.089167363150763929e-02,-2.547819343891648547e-01,5.065955528339409764e-01,-9.748175543773493490e-02,6.567425915530136944e-04,2.587478449988973861e-02
4.070524571196231650e-02,3.237594014343562338e-02,4.283079043523740914e-02,-8.262858811200856149e-03,-2.836265747321934927e-01,-3.990547869555240851e-02,1.800584559966915410e-01,-4.709981892977447848e-01,4.712023881357979560e-01,-4.853339605686334268e-01,-5.002553019081903418e-01,5.040002668647132200e-01,7.270023338807389502e-04,2.384944740379538786e+01,1.725964883469828681e+00,1.466099303391393306e-02,-3.545729756295267626e-02,-1.593252484891842791e-01,4.535132970299899924e-01,-9.657921398155422388e-02,8.072657004304880680e-04,2.344936708648870730e-02
4.113171361930700876e-02,3.241200335516686987e-02,4.281570642209574923e-02,-8.514054513005575586e-03,-2.859785487557658934e-01,-3.601003958264261534e-02,1.849295394854717500e-01,-4.700692276902707079e-01,4.701411269378807378e-01,-4.856170848445995891e-01,-5.004872082705583702e-01,5.056430334796513382e-01,-1.022421205243613518e-02,2.385081779294969451e+01,1.736910915598858463e+00,-1.899726783925298479e-02,-4.035671336348854721e-02,-1.082911741218495760e-01,4.660958243401723267e-01,-9.564117664162273547e-02,8.986429127631416058e-04,2.405391040607334982e-02
4.139887545124897039e-02,3.243023424222724743e-02,4.278069800102985570e-02,-8.743146033467603939e-03,-2.879969014833506646e-01,-3.055027577399585526e-02,1.887586760525485075e-01,-4.694335958814088716e-01,4.692934925662028411e-01,-4.859977222472376401e-01,-5.001975911573917077e-01,5.062791603984799771e-01,-2.805784076629729701e-02,2.385208712050924618e+01,1.754745008994236466e+00,-4.106954688015503063e-02,-4.463312110196303306e-02,-7.081402714099747919e-02,4.868279852217740622e-01,-9.480645502600008878e-02,9.714636507603363440e-04,2.509346211400869872e-02
4.154369390845221582e-02,3.243676208826814372e-02,4.257484298393020283e-02,-9.014915846984966619e-03,-2.898227581509641992e-01,-2.640729402310784332e-02,1.899221941030455052e-01,-4.691944984059472357e-01,4.687002633704094312e-01,-4.864872001609548136e-01,-4.993030655870863144e-01,5.060324250846107708e-01,-4.324858235576732601e-02,2.385320415885288980e+01,1.769948133373674626e+00,-5.653166615666678496e-02,-4.862716455121346426e-02,-4.348237198007577631e-02,5.028199350028564885e-01,-9.405399873943968980e-02,1.027262524195512007e-03,2.592019192868068658e-02
4.161570207581935521e-02,3.243849886766414503e-02,4.264902380399840376e-02,-9.134126851293652982e-03,-2.909989019197193882e-01,-1.965550577114827391e-02,1.933599059093867867e-01,-4.685882351217283137e-01,4.685391659592729185e-01,-4.869578490258857917e-01,-4.993266296823534178e-01,5.066351506053994314e-01,-6.890594730410790070e-02,2.385379907324441362e+01,1.795489383571992947e+00,-7.035258440584167550e-02,-5.102938950814428498e-02,-1.804431892464667189e-02,5.227351038793430771e-01,-9.362036300596733585e-02,1.082093998608791262e-03,2.704614390548917488e-02
2.638230395841220308e-02,2.473223210229544972e-02,8.392078800793083618e-03,-2.604293783524166961e-02,-3.016624542547934329e-01,-9.770700581400356896e-03,1.777464341594678365e-01,-4.700197197115841274e-01,5.030058394310161773e-01,-4.990584023035469774e-01,-5.447216484170469553e-01,4.972944156585315523e-01,-1.330884351523580200e-01,2.387810873239623533e+01,1.828342935644353684e+00,-7.132033526087244724e-02,-6.114259861536888718e-02,-9.620177981822859714e-03,4.923475308499857261e-01,-9.838826887571265611e-02,1.343800718476495341e-02,-3.896590718002716780e-02
2.646605870639185190e-02,2.473377581606723066e-02,7.128936525504752340e-03,-2.625247257110568597e-02,-3.010238546648258962e-01,-1.821580686728309709e-02,1.890150186101696439e-01,-4.675054819120856853e-01,5.045485058097829434e-01,-4.980305747162865893e-01,-5.599622170053883963e-01,5.120347230429952434e-01,-3.533459481122992463e-01,2.387551084860154305e+01,2.048604749377920697e+00,-5.937357294039202066e-02,-5.645092160591675540e-02,-2.907941409235276220e-02,2.821332802367816361e-01,-9.929485904918050609e-02,1.293182627398086620e-02,-2.750510451961469399e-02
2.670670908658337450e-02,2.474068112296236299e-02,6.940671051254452759e-03,-2.631400133558831414e-02,-3.011410537844247948e-01,-1.382788383254329040e-02,1.834419695458858746e-01,-4.681203884443044250e-01,5.062106304115771005e-01,-4.985440100809421238e-01,-5.628626046201307132e-01,5.146750708269766106e-01,-4.385896446940077964e-01,2.387433114274313439e+01,2.133678815769874060e+00,-5.316309876531481043e-02,-5.737623500738144033e-02,-2.169556713538819265e-02,2.495088487452780390e-01,-9.911001931726130809e-02,1.312620797240122462e-02,-2.582088230991266484e-02
2.708804069890474731e-02,2.475424696466137914e-02,6.615232081119663474e-03,-2.644116431187976818e-02,-3.007316442459220807e-01,-9.105530543871869983e-03,1.753501375438878407e-01,-4.692344512708256921e-01,5.075756655474592538e-01,-4.993488927909232600e-01,-5.644045036415483718e-01,5.160280455233536845e-01,-4.793487359641529499e-01,2.387374502899634976e+01,2.174456776240552891e+00,-4.866098784132040500e-02,-5.733054125933267908e-02,-1.253903445548087275e-02,2.348822996439801358e-01,-9.911072948069038491e-02,1.335688138616388833e-02,-2.508384863509073928e-02
2.754612194600277245e-02,2.477421783156551205e-02,6.074447396521190194e-03,-2.662025959128698147e-02,-2.999682891424794717e-01,-5.629843634807310711e-03,1.673550637575348943e-01,-4.704908493478636156e-01,5.083990716159043632e-01,-5.000930257330480355e-01,-5.667588149187429147e-01,5.179763023098334918e-01,-4.930885112545648208e-01,2.387365887173563195e+01,2.188185968102579704e+00,-3.895851540279447051e-02,-5.688057980989647683e-02,-4.699829903331870229e-03,2.115743455719383548e-01,-9.919559480230492887e-02,1.356435829186930682e-02,-2.393413155251985017e-02
2.805748858746149460e-02,2.479974275316533527e-02,5.336187958265416718e-03,-2.684169093046939042e-02,-2.990601810231892643e-01,-3.867161219923245016e-03,1.614394082422426213e-01,-4.715230540307344120e-01,5.086002604516348669e-01,-5.007177797253853369e-01,-5.704470669236236802e-01,5.209907428056547163e-01,-4.892313414670696470e-01,2.387406889371747098e+01,2.184329849349200270e+00,-2.290647664350232635e-02,-5.643713704534498304e-02,1.862161251603731754e-03,1.734469266446546920e-01,-9.928070765628335681e-02,1.373783546373004080e-02,-2.219630353575648835e-02
2.851920206086555609e-02,2.482697056757352319e-02,4.635715900940149195e-03,-2.703588268272480097e-02,-2.984358029142881175e-01,-4.199400450439107722e-03,1.588705602797843286e-01,-4.720141224359287735e-01,5.081592284570652929e-01,-5.011397974889095774e-01,-5.750074348464560003e-01,5.246286729075686495e-01,-4.823150877497853761e-01,2.387490425794776883e+01,2.177421678432564622e+00,-9.044384033763796377e-04,-5.591283713820947160e-02,9.185823297541920868e-03,1.245273567330451026e-01,-9.937630681572023894e-02,1.392874291213298983e-02,-2.019506059056476108e-02
0.000000000000000000e+00,0.000000000000000000e+00,0.000000000000000000e+00,0.000000000000000000e+00,0.000000000000000000e+00,0.000000000000000000e+00,0.000000000000000000e+00,0.000000000000000000e+00,0.000000000000000000e+00,0.000000000000000000e+00,0.000000000000000000e+00,0.000000000000000000e+00,0.000000000000000000e+00,2.380000000000000071e+01,1.760000000000000009e+00,4.599999999999999922e-02,0.000000000000000000e+00,0.000000000000000000e+00,0.000000000000000000e+00,0.000000000000000000e+00,0.000000000000000000e+00,0.000000000000000000e+00
0.000000000000000000e+00,0.000000000000000000e+00,0.000000000000000000e+00,0.000000000000000000e+00,0.000000000000000000e+00,0.000000000000000000e+00,0.000000000000000000e+00,0.000000000000000000e+00,0.000000000000000000e+00,0.000000000000000000e+00,0.000000000000000000e+00,0.000000000000000000e+00,0.000000000000000000e+00,2.380000000000000071e+01,1.760000000000000009e+00,4.599999999999999922e-02,0.000000000000000000e+00,0.000000000000000000e+00,0.000000000000000000e+00,0.000000000000000000e+00,0.000000000000000000e+00,0.000000000000000000e+00
0.000000000000000000e+00,0.000000000000000000e+00,0.000000000000000000e+00,0.000000000000000000e+00,0.000000000000000000e+00,0.000000000000000000e+00,0.000000000000000000e+00,0.000000000000000000e+00,0.000000000000000000e+00,0.000000000000000000e+00,0.000000000000000000e+00,0.000000000000000000e+00,0.000000000000000000e+00,2.380000000000000071e+01,1.760000000000000009e+00,4.599999999999999922e-02,0.000000000000000000e+00,0.000000000000000000e+00,0.000000000000000000e+00,0.000000000000000000e+00,0.000000000000000000e+00,0.000000000000000000e+00
0.000000000000000000e+00,0.000000000000000000e+00,0.000000000000000000e+00,0.000000000000000000e+00,0.000000000000000000e+00,0.000000000000000000e+00,0.000000000000000000e+00,0.000000000000000000e+00,0.000000000000000000e+00,0.000000000000000000e+00,0.000000000000000000e+00,0.000000000000000000e+00,0.000000000000000000e+00,2.380000000000000071e+01,1.760000000000000009e+00,4.599999999999999922e-02,0.000000000000000000e+00,0.000000000000000000e+00,0.000000000000000000e+00,0.000000000000000000e+00,0.000000000000000000e+00,0.000000000000000000e+00
0.000000000000000000e+00,0.000000000000000000e+00,0.000000000000000000e+00,0.000000000000000000e+00,0.000000000000000000e+00,0.000000000000000000e+00,0.000000000000000000e+00,0.000000000000000000e+00,0.000000000000000000e+00,0.000000000000000000e+00,0.000000000000000000e+00,0.000000000000000000e+00,0.000000000000000000e+00,2.380000000000000071e+01,1.760000000000000009e+00,4.599999999999999922e-02,0.000000000000000000e+00,0.000000000000000000e+00,0.000000000000000000e+00,0.000000000000000000e+00,0.000000000000000000e+00,0.000000000000000000e+00
0.000000000000000000e+00,0.000000000000000000e+00,0.000000000000000000e+00,0.000000000000000000e+00,0.000000000000000000e+00,0.000000000000000000e+00,0.000000000000000000e+00,0.000000000000000000e+00,0.000000000000000000e+00,0.000000000000000000e+00,0.000000000000000000e+00,0.000000000000000000e+00,0.000000000000000000e+00,2.380000000000000071e+01,1.760000000000000009e+00,4.599999999999999922e-02,0.000000000000000000e+00,0.000000000000000000e+00,0.000000000000000000e+00,0.000000000000000000e+00,0.000000000000000000e+00,0.000000000000000000e+00
0.000000000000000000e+00,0.000000000000000000e+00,0.000000000000000000e+00,0.000000000000000000e+00,0.000000000000000000e+00,0.000000000000000000e+00,0.000000000000000000e+00,0.000000000000000000e+00,0.000000000000000000e+00,0.000000000000000000e+00,0.000000000000000000e+00,0.000000000000000000e+00,0.000000000000000000e+00,2.380000000000000071e+01,1.760000000000000009e+00,4.599999999999999922e-02,0.000000000000000000e+00,0.000000000000000000e+00,0.000000000000000000e+00,0.000000000000000000e+00,0.000000000000000000e+00,0.000000000000000000e+00
0.000000000000000000e+00,0.000000000000000000e+00,0.000000000000000000e+00,0.000000000000000000e+00,0.000000000000000000e+00,0.000000000000000000e+00,0.000000000000000000e+00,0.000000000000000000e+00,0.000000000000000000e+00,0.000000000000000000e+00,0.000000000000000000e+00,0.000000000000000000e+00,0.000000000000000000e+00,2.380000000000000071e+01,1.760000000000000009e+00,4.599999999999999922e-02,0.000000000000000000e+00,0.000000000000000000e+00,0.000000000000000000e+00,0.000000000000000000e+00,0.000000000000000000e+00,0.000000000000000000e+00
0.000000000000000000e+00,0.000000000000000000e+00,0.000000000000000000e+00,0.000000000000000000e+00,0.000000000000000000e+00,0.000000000000000000e+00,0.000000000000000000e+00,0.000000000000000000e+00,0.000000000000000000e+00,0.000000000000000000e+00,0.000000000000000000e+00,0.000000000000000000e+00,0.000000000000000000e+00,2.380000000000000071e+01,1.760000000000000009e+00,4.599999999999999922e-02,0.000000000000000000e+00,0.000000000000000000e+00,0.000000000000000000e+00,0.000000000000000000e+00,0.000000000000000000e+00,0.000000000000000000e+00
